:020000040C00EE
:100000000090FE1F01020008910200089102000802
:10001000910200089102000891020008000000000F
:100020000000000000000000000000009102000835
:1000300091020008000000009102000891020008EF
:100040009102000891020008910200089102000844
:100050009102000891020008910200089102000834
:1000600091020008000000000000000000000000F5
:1000700091020008000000009102000891020008AF
:100080009102000891020008910200089102000804
:1000900091020008910200089102000891020008F4
:1000A00091020008910200089102000891020008E4
:1000B00091020008910200089102000891020008D4
:1000C00091020008910200089102000891020008C4
:1000D00091020008910200089102000891020008B4
:1000E00091020008910200089102000891020008A4
:1000F0009102000891020008910200089102000894
:1001000091020008CD9E02089102000891020008A9
:100110009102000891020008910200089102000873
:10012000FD970208E59D02083D9802087DA402089B
:100130009102000891020008910200089D970208B0
:100140009102000891020008910200089102000843
:100150009102000891020008910200089102000833
:10016000000000000000000000000000000000008F
:100170009102000891020008910200089102000813
:100180009102000891020008910200089102000803
:1001900091020008910200089102000891020008F3
:1001A00091020008910200089102000891020008E3
:1001B00091020008910200089102000891020008D3
:1001C00091020008910200089102000891020008C3
:1001D000910200089102000891020008000000004E
:1001E00091020008A166020891020008555E02080B
:1001F0009102000800000000AD6602080000000047
:10020000DFF870D01C4880471C4C1D4DAC4209DA09
:1002100021686268A368043BA2BFC858D050FAE7BF
:100220000C34F3E7174B184CA34208DA19685A68E4
:100230000020043AA4BF8850FBE70833F4E71348D2
:1002400080470000C4FF020C0090FE1FA8060000BB
:10025000C4FF020C0090FE1F00000000A896FE1FC5
:100260009478000000000020000E0000000E002026
:10027000000000000090FE1F310802084402000840
:100280005C0200085C0200087402000835A902083C
:04029000FEE7000085
:020000040C02EC
:10000000014B1868704700BFAC96FE1F014B18608B
:10001000704700BFA896FE1F00487047B496FE1FA9
:10002000D0ED027AB7EE007AF4EEC77AF1EE10FA6C
:10003000034633DB9FED1B7AF4EEC77AF1EE10FA3C
:1000400095BF0222032200200120D3ED047A93ED14
:10005000037AF4EEC77AF1EE10FA07DCDFED126AEC
:10006000F4EE667AF1EE10FA98BF1046F4EEC77A15
:10007000D3ED0A7AB7EE007AF1EE10FAF4EEC77A11
:1000800048BF0430F1EE10FA07DA9FED067AF4EE7D
:10009000C77AF1EE10FA98BF0830704703220120AA
:1000A000D3E700BF0000FA440000874470B54369FD
:1000B000C46A0546B4F57A7FA3F57A738CBF012430
:1000C0000024B3F57A6F88BF02342E6A0AF030F844
:1000D000864208D22A6A4FF47A7303FB02F3B3F51F
:1000E000FA6F98BF04346B6A1F2B2B7E98BF0834BD
:1000F0000C2B18BF1034204670BD00BF004870475D
:100100002497FE1F00487047E496FE1F08B5044977
:10011000044840220DF014FA003018BF012008BD39
:100120002497FE1FE496FE1F30B4074D074C0FCDF9
:100130000FC40FCD0FC40FCD0FC495E80F0084E896
:100140000F0030BC704700BF2497FE1FE496FE1FCF
:1001500030B4074D074C0FCD0FC40FCD0FC40FCDDA
:100160000FC495E80F0084E80F0030BC704700BF53
:10017000E496FE1F2497FE1F2DE9F043BD4883B08F
:10018000092100F0B3FA032804461AD002283BD014
:1001900008F002FE08F014FE08F026FE042C00F021
:1001A0008D81B549B54805F0C3FEB44809F08AFB16
:1001B00044F2011000F012FD43F2010003B0BDE86B
:1001C000F083AF48092100F091FA0228044600F0BC
:1001D0008B8108F0E1FD08F0F3FD08F005FE042C2A
:1001E00000F06C81032CDCD1A649A44805F0A0FEE8
:1001F000A24809F067FB4FF4824000F0EFFC4FF497
:10020000405003B0BDE8F08302279F499F48402239
:1002100006F06CFB9D4806F0ABFB9D492C22044682
:100220009A4806F063FB994806F0A2FB02210546B6
:10023000E02201A800F01EFA012800F00281062841
:1002400024D0DFF86482934E924C40212046202235
:1002500000F010FA012804D18F4B62689A4200F036
:100260000481894C8B4D0FCC0FC50FCC0FC50FCC23
:100270000FC594E80F0085E80F00A4F1300040217D
:10028000202200F0BFF9012821D0FEE701A80221B9
:10029000E0228DF804408DF8055000F0B3F97A4C57
:1002A0007C4E0FCC35460FC50FCC0FC50FCC0FC5FC
:1002B00094E80F0085E80F00A4F1300040212022CF
:1002C00000F0A0F90128864600F0A180FEE7734BFC
:1002D0001860704D724CDFF8D091DFF8DCE10FCD83
:1002E0000FC40FCD0FC40FCD0FC495E80F0084E8E5
:1002F0000F0048462C21A022CEF8007000F0BAF979
:10030000012804D1674BD9F804209A4212D0604CDE
:10031000654D0FCC0FC50FCC0FC594E8070085E8DD
:100320000700A4F120002C21A02200F06BF9012885
:1003300004D0FEE7D9F800302C2BE8D1D8ED027AB2
:10034000B7EE007AF4EEC77AF1EE10FA5CDB9FEDBF
:10035000577AF4EEC77AF1EE10FA95BF0223032321
:1003600000240124D8ED047A98ED037AF4EEC77ADC
:10037000F1EE10FA07DCDFED4E6AF4EE667AF1EE8C
:1003800010FA98BF1C46F4EEC77AD8ED0A7AB7EE99
:10039000007AF1EE10FAF4EEC77A48BF0434F1EEB9
:1003A00010FA07DA9FED417AF4EEC77AF1EE10FA0F
:1003B00098BF0834F06A7369364FD6F82080B0F5DC
:1003C0007A7FA3F57A738CBF012500253846B3F5F3
:1003D0007A6F88BF023509F0ABFE804508D23A6AD1
:1003E0004FF47A7303FB02F3B3F5FA6F98BF043549
:1003F000736A1F2B337E98BF08350C2B18BF10353E
:10040000281903B0BDE8F08303230124AAE7204C98
:10041000DFF89480DFF884C00FCC45460FC50FCCC1
:100420000FC594E8070085E80700A4F120002C21FF
:10043000A022CCF800E000F0E5F801283FF404AF7A
:10044000FEE79DF804309C4202D1AC423FF4F9AE85
:10045000184B8DF8044001A801240221E0228DF8F8
:1004600005501C6000F0CEF819E72368402B7FF49C
:10047000F8AE2EE70090FE1F80969800E891FE1FD0
:100480000C90FE1F005A620298D502089494FE1F39
:100490005090FE1F2497FE1F1E0E0300B096FE1FF5
:1004A000E496FE1FC6E90200B496FE1F0000FA445F
:1004B00000008744E096FE1FAC96FE1F00F052F944
:1004C00001287FF4A1AE08F071FC0849084805F046
:1004D0002FFD074809F0F6F944F2021000F07EFB08
:1004E000044803B0BDE8F08301278EE6002D3101FA
:1004F000E891FE1F02000300004870471890FE1F9D
:1005000084B038B50C4CE56A0DF1100E8EE80F0082
:1005100015B1204600F00CFA04AD0FCD064C0FC407
:100520000FCD0FC40FCD0FC495E8030084E803007E
:10053000BDE8384004B070471890FE1F38B50A4C2B
:100540000A4D0FCC0FC50FCC0FC594E8070085E806
:100550000700A4F120002C21A02200F053F801286C
:1005600000D0FEE738BD00BF5090FE1FB496FE1FBE
:1005700008B504482C21A02200F044F8012800D03E
:10058000FEE708BDB496FE1F38B50C4C0C4D0FCCE1
:100590000FC50FCC0FC50FCC0FC594E80F0085E831
:1005A0000F00A4F130004021202200F02BF8012898
:1005B00000D0FEE7034B186038BD00BF98D5020895
:1005C0002497FE1FB096FE1F08B504484021202244
:1005D00000F018F8012800D0FEE708BD2497FE1FA0
:1005E000014B01221A607047B096FE1F014B00229A
:1005F0001A607047B096FE1F014B1868704700BF25
:10060000B096FE1F2DE9F8438D08AB1C9B0003F14B
:100610000A0424F0070400AFADEB040D00B119B9D2
:100620000220BD46BDE8F8838C07064691460C467D
:100630001A4668464FF0000118BF01350CF09BFFC9
:100640003146224668460CF08BFF69462A46084828
:1006500006F04CF9064806F08BF96A1C4DF82500A7
:1006600092004846694608F053F9BD46BDE8F88354
:100670009494FE1F2DE9F0478D08AB1C9B0003F1FD
:100680000A0424F0070400AFADEB040D00B119B962
:100690000220BD46BDE8F0878C0718BF013514461F
:1006A00006461A468946684600210CF064FF6A1C1B
:1006B00020469200694608F065FA69462A460446D3
:1006C00009485DF825A006F011F9074806F050F931
:1006D0005045DDD1012CDBD1304669464A460CF04D
:1006E0003FFF2046D5E700BF9494FE1F10B14B1E7C
:1006F0001F2B01D901207047F0B5002489B00F46A7
:100700000546694620463A460094019402940394B3
:10071000049405940694079408F034FA012802D052
:10072000052009B0F0BD791C28462346C9B20DF159
:10073000FF3204E0F3B28B42F2D09F420CD010F8AB
:10074000014B12F8015FA54203F10106F2D0022B22
:100750008CBF03200420E4E70478002CEFD10220B2
:10076000DFE700BF00B5074B93E8070085B001AB9A
:1007700003C301A91A700020092208F0C9F805B0C6
:100780005DF804FBD8D502080048704710D602086F
:1007900010B50446FFF7B2FCC269416A84E806005E
:1007A00090F8282022720223637210BD1C4BDB6874
:1007B000D90310B51DD51B4BDB68DA072CD51A48B9
:1007C000184A13685B0716D4936803F07F0301335C
:1007D000B0FBF3F3124A1549D0681269C0B202F0B7
:1007E000010201300132B3FBF0F0B0FBF2F008601F
:1007F00010BD0D4BEEE7916893689468C1F30362F6
:100800000132C4F30641C3F3062301FB0222B0FB0D
:10081000F2F003FB0003DDE707F076F9D0E700BF55
:10082000004600501047005000366E01C0FF032004
:1008300010B54FF000530FCB034C84E80F0006F0C7
:10084000BFF807F065F910BDC4FF0320C36A73B198
:1008500070B4C58844690669A94204FB01F006FB2F
:10086000020200D3FEE71344184670BC70471846D6
:10087000704700BF2DE9F041BDF82060BDF818C0F9
:10088000BDF81CE0099DC561741E48BFB41DE4108D
:100890000CFB03F701340EFB07F7002607FB04F7F8
:1008A0004FF00108BEF1040F048183800762A0F8B5
:1008B00002C0A0F806E0C162C26080F830808662A3
:1008C0004662866106701BD851B38AB197421FD821
:1008D0000B460CFB04F403F8016B01334E7003F874
:1008E000016B0EFB04F21E7002614461BDE8F081F1
:1008F0000423C262C260026280F83030BDE8F08139
:100900000523C662C660066280F83030BDE8F0811B
:100910000323C662C660066280F83030BDE8F0810D
:100920000CFB04F40EFB04F303614461BDE8F081A9
:100930000622002380F8302003627047F0B50C4691
:100940009DB009B100230B60FFF716FC0028C8BF5B
:100950004FF4807001DD1DB0F0BDFFF7CFFB054601
:100960000BA8FFF715FF002000F02EF99DF834309A
:100970000BB90820EFE70C9B002BFAD00B9EA6F1D9
:100980002002E02AF5D8012BF3D8FFF7FDFE437BC8
:10099000174AB60003FB06F6B6F5805F1660E8D886
:1009A000BDF82C300093042301932B7E0293EA6A56
:1009B000BDF8303003920EAF38460E494FF48052E6
:1009C00012AEFFF757FF0FCE6D460FC50FCE0FC506
:1009D00096E8030085E8030097E80F00FFF790FD15
:1009E000204600F07DF8044B00221A60B3E700BFF8
:1009F0006497FE1F44F8FE1F6C97FE1F0000000066
:100A00002DE9F84334480C4608F050FF002000F070
:100A1000DBF814B90020BDE8F883FFF76FFB09F09D
:100A200087FB8442054602D20520BDE8F883FFF724
:100A300065FB0462064609F055FB631B002B274A41
:100A4000B8BF5B420027B3F5FA7F17602EDB0120A9
:100A500000F0BAF8D6F83C80346205EB4805AC42A9
:100A6000D6F838902ED370690BF018FF02460B466B
:100A700017A1D1E900010CF0B1F80CF03FFA07EE34
:100A8000900AFCEEE77A17EE900A80451CD9C0EB7D
:100A90000808204609F03EFB0028C5D048464146DC
:100AA00009F058FB0C4808F00DFFB3E7022000F0F6
:100AB0008BF83846394609F04DFB08F097FF384669
:100AC000BDE8F883B946E4E7B846E2E7AFF3008053
:100AD0000000000080842E411092FE1F6C97FE1FC4
:100AE00010B5FFF70BFB0446FFF706FD08F0ECFE20
:100AF000204608F025FED4ED057A074AF8EE677A1D
:100B000080B2FCEEE77A17EE903A013B93428CBF3D
:100B100002230023184310BD5FE3160010B50446FE
:100B2000FFF7ECFA036A0BB9022010BDFFF7E6FAF3
:100B3000016A2046BDE81040FFF762BF51B10128AD
:100B400008B503D0022801D0022008BD09F0D0FA70
:100B5000002008BD02207047F0B50C4699B0002176
:100B6000FFF74EFF08F09CFE204608F0D9FB002856
:100B70000CBF00270C27FFF7BFFCA68CA38BC16A14
:100B8000C268257EE06A009604240AAE02950390AE
:100B9000019430460EADFFF76DFE0FCD6C460FC4CD
:100BA0000FCD0FC495E8030084E8030096E80F001A
:100BB000FFF7A6FC384619B0F0BD00BF014B18780E
:100BC000704700BF6897FE1F014B1870704700BF49
:100BD0006897FE1F004870477097FE1F144A5368BD
:100BE000C3F30331C0F303338B4203F1FF3388BFF8
:100BF0005060032B08D8DFE803F0140E0802D37A04
:100C000004210133D37211707047937A03210133A9
:100C1000937211707047537A02210133537211702D
:100C20007047137A01210B4413721170704700BF93
:100C30007097FE1F0D4B1A68824213D0DA68824209
:100C400012D09A69824206D05A6A824208BF0322B1
:100C500002D058687047022202EB420203EB820383
:100C6000586870470022F7E70122F5E77C90FE1FE5
:100C7000034B1878003018BF01204042704700BF76
:100C80007097FE1F024B00225A601A70704700BF17
:100C90007097FE1F014B1868704700BFB890FE1F89
:100CA000014B1860704700BF7C97FE1F024A136813
:100CB00018441060704700BF7C97FE1F10B50B4CA6
:100CC000236884B083B1FFF719FA09F00DFB084BD4
:100CD00002900022012001A903938DF8042002F064
:100CE000ABFE2368013B236004B010BD7C97FE1F60
:100CF000A8D60208024A034B11601870704700BF63
:100D00008897FE1F8097FE1F024A034B11601870E0
:100D1000704700BF8497FE1F8097FE1F10B5064CDA
:100D2000236843B1054B0A460146187803F05CF886
:100D30002368013B236010BD8497FE1F8097FE1F30
:100D4000F0B5134C236887B0FBB1D0ED007A9FED6E
:100D5000117A114A416807690391C7EE877A034601
:100D600001A9DE691D7A10785A7A9B7A8DF81230C3
:100D7000059701968DF810508DF81120CDED027A6F
:100D800002F08CFF2368013B236007B0F0BD00BF79
:100D90008897FE1F666666408097FE1FF8B504467A
:100DA000FFF73AF90646FFF7A9F9D0ED087A96ED74
:100DB000046AD6ED036ADFED185A9FED185A90EDDC
:100DC000057A736AB26AB768416AA181F8EE677AF8
:100DD00086EE256A003318BF012305462377A261FA
:100DE0006761C6EEA56AC7EE857AB8EE477A84EDEC
:100DF000006AC4ED016AC4ED027A84ED047A09F058
:100E000097F92B6A181AB0FA80F040096077EA6AFD
:100E10002B6B2362E283F8BD66666640002474494A
:100E20002DE9F0439DB08146FFF7F6F80646FFF73F
:100E300065F93446804606F1200E01AF20686168EE
:100E4000A268E3683D460FC5103474452F46F5D1BE
:100E500020686168A26808F1400E07C744460CAFDD
:100E600020686168A268E3683D460FC51034744588
:100E70002F46F5D19FED3D6AD9ED006A99ED017AD3
:100E8000D9ED047A99F81C30D9F81400D9F820204B
:100E9000D9F81850B9F80C40B9F81E100390003377
:100EA00066EE866A27EE067AFCEEE77A18BF012323
:100EB0000CA80A931892CDED056A8DED047ACDED5C
:100EC000117A0B951594179109F032F999F81D20B4
:100ED000012A034640D0D9ED027A9FED257A67EECC
:100EE000877AFCEEE77A17EE900A984238BF1846E8
:100EF0001490FFF775FB01A8FFF792F804460CA8C1
:100F0000FFF7D4F8E04203D000201DB0BDE8F08325
:100F100001AC09AF25460FCDBD4230607160B260B3
:100F2000F3602C4606F11006F4D107CC0CAC30600F
:100F30007160B2601CAE25460FCDB542C8F8000006
:100F4000C8F80410C8F80820C8F80C302C4608F17E
:100F50001008F0D10120D8E707EE900AF8EE677A82
:100F6000FCEEE77A17EE900ABFE700BF66666640C0
:100F70000024744901F0FC030344F0B501F00305BB
:100F80001E691C4FED00F824AC4026EA04041C61E5
:100F9000466F4FEA410E032404FA0EF426EA0404D5
:100FA000B84244671DD0144CA0421AD05768167A34
:100FB000CC0800EB84048F40476001F00701276CE8
:100FC00089000720884027EA00002064206C06FA88
:100FD00001F10143216412781969AA400A431A6198
:100FE000F0BD046E012606FA01F124EA0101016652
:100FF000F1E700BF008E0248008F0248030F03EBA9
:101000004303034A20F0704042F82300704700BFBA
:1010100010440050030F03EB4303034A20F07040D9
:1010200042F82300704700BF14440050030F064AE3
:1010300003EB430320F0704052F82330184214BFF2
:1010400001200020704700BF0C440050034B044AAD
:101050005B69106803F00103D840704700460050F8
:10106000C0FF0320034A936923F48033184390613F
:10107000704700BF00460050034A536A23F44033D0
:1010800018435062704700BF00460050054AD2F82E
:10109000C4301B07FBD4044AD36823F04003184331
:1010A000D06070470040005000430050034A9369ED
:1010B000013823F007030343936170470046005053
:1010C000034AD369013823F03F030343D3617047D8
:1010D00000460050034A536A013823F0FF030343DC
:1010E0005362704700460050014B5860704700BF84
:1010F00000460050030F03EB4303034A20F0704007
:1011000042F82300704700BF44460050030F03EB32
:101110004303034A20F0704042F82300704700BFA9
:1011200048460050030F064A03EB430320F070408B
:1011300052F82330184214BF01200020704700BF2E
:10114000404600500F4B5A6942F001025A615A69F9
:1011500001380006013942F0100240EA01205A61CC
:1011600058615A6942F040025A615A6922F01002ED
:101170005A615A6942F480225A611A695207FCD5B1
:10118000704700BF10470050024B4FF440325A6086
:10119000704700BF00420050024B4FF440329A604B
:1011A000704700BF00420050F0B583B0644C089E09
:1011B000C0B1E06840F4807040F001000129E060B7
:1011C00000F086805E4A9368013E23F07F031E4351
:1011D0009660536843F0010353601368DB07FCD546
:1011E00003B0F0BDE06820F4807020F00100012918
:1011F000E060E7D18DE80C0006F086FC514DA5FBC0
:1012000000359DE80C00AD0CAD054D494E4C4F68C6
:101210004E4847F001074F604F6847F010074F6096
:10122000D1F808E003FB05F5571EB5FBF2F50EEA11
:101230000000A4FB054240EA07605C1E930E40EAF2
:101240000420013B40EA03438B604B6843F04003BA
:101250004B604B6823F010034B604B6843F48023D2
:101260004B600868364B4207FBD55A6822F00102F2
:101270005A6019460B68324A13F00104FAD1344B14
:10128000A3FB0513DB0E9E423FD3324F324B6D085A
:10129000A3FB0523DB0E9E421DD3294A9368013E22
:1012A00023F4FE0343EA06469660FFF77FFA3B68A5
:1012B000244AA2FB0332920C322303FB02F20023E6
:1012C000002A8DD000BF01339342FBD103B0F0BDA3
:1012D0004FF0C06599E71A498A68013B22F4FE0283
:1012E00042EA03438B60FFF761FA3B68154AA2FBB1
:1012F0000332920C322303FB02F2002ACDD00023EA
:1013000000BF01339342FBD1C7E79168114F21F42D
:10131000FE01013B41EA03439360FFF747FA3B6854
:10132000084AA2FB0332920C322303FB02F2002A8A
:10133000ACD0234600BF01339342FBD1A6E700BFE8
:101340001047005083DE1B43ABAAAAAAFF8080F09F
:1013500089888888C0FF0320B7600BB67749784A30
:10136000CB68F0B523F48033CB6013680546D8070B
:1013700083B004D4012353601368DB07FCD5714AA2
:101380001368990505D54FF40073936013689F05A2
:10139000FCD4EB79002B40F09180687A6A4AD2F84D
:1013A000C4301B07FBD46949674BCA6822F080022E
:1013B0000243CA60D3F8C440002CFBD1644A297AA6
:1013C0005368012943F48013536000F09D80614EFF
:1013D000FFF7ECF93368604AA2FB0332920C6423F6
:1013E00003FB02F222B1002300BF01339342FBD181
:1013F000524B2C7CDA68A87922F0FF01621E0A4366
:10140000DA601A696C7C22F00101621E0A431A61DB
:101410001A6AAC7C22F00101621E0A431A625A6900
:10142000EC7C22F00101621E0A435A6128BBE97874
:10143000A1B9474A536843F4803343F00203536031
:10144000EB68B3F5803F04D13C4AD36843F4803362
:10145000D36003B0BDE8F040FFF7A8B93C4AA888C4
:10146000536823F4803323F002035360AC786A7826
:101470002B780094FFF798FEE2E7354C374F63680E
:1014800023F4803363607E6806F03EFB344AA2FB9F
:101490000032120D26F47023013A23F0300343EAA0
:1014A00002437B60636823F4003363602246136861
:1014B00003F46073B3F5607FF9D1B8E7224AD2F83C
:1014C000C4301E06FBD421491F4ACB6923F03003E8
:1014D000CB61D2F8C4301C07FBD41C491A4ACB6834
:1014E00043F00803CB60D2F8C4305807FBD4174B45
:1014F000154A08219960D2F8C430002BFBD1134A59
:1015000013681907FCD448E75368124E23F480137C
:101510005360FFF74BF9104A3368A2FB03239A0C80
:10152000642303FB02F31BB100BF01349C42FBD1D7
:10153000074A536843F40023536049E700460050CC
:101540000042005000440050004000500043005052
:1015500010470050C0FF032083DE1B4300470050AC
:101560006BCA5F6B38B5044610200D46FFF7BCFD13
:10157000194B9C421AD0194B9C421ED0184B9C42CE
:1015800022D0184B9C420AD0E36843F48073E36096
:10159000216821F4404141EA8531216038BD12487B
:1015A000FFF7B4FD1048FFF735FDEDE70420FFF726
:1015B000ADFD0420FFF72EFDE6E70820FFF7A6FDAE
:1015C0000820FFF727FDDFE71020FFF79FFD102021
:1015D000FFF720FDD8E700BF00C000400000014039
:1015E00000400140004000480100001070B44B79F9
:1015F0000E79096841611C461D463246C3F340130B
:1016000006F00F0605F00F05C4F300111B051209C3
:10161000436046620562816170BCC262704700BF70
:10162000836A23F4706343EA012383624162704753
:10163000092930B4D0F8A8400DD8094B094D53F80A
:10164000213055F82110DB4323408A401A43C0F86B
:10165000A82030BC70470C216FF44053F4E700BF62
:101660009CD7020874D7020838B5044610200D46EE
:10167000FFF73AFD104B9C4216D0104B9C420AD00B
:10168000E36843F48073E360236823F4404343EA50
:101690008531216038BD4FF48070FFF737FD4FF47E
:1016A0008070FFF7B7FCEBE78020FFF72FFD80206D
:1016B000FFF7B0FCE4E700BF00000240004002403A
:1016C0004B7B70B40D7B012606612C461A46C3F392
:1016D00000130E6846611B0505F00F05240902F092
:1016E0000F0243604562C46202624B6883618B688B
:1016F00083F01403836470BC704700BF02688BB230
:1017000022EA114119430160704700BF436823F08A
:101710000303194341604369012A0CBF43F480630A
:1017200023F4806343617047436823F00C0343EA6A
:1017300081014160436923F4407343EA022242611C
:10174000704700BF436823F4405343EA01314160CE
:10175000704700BF436923F0800343EAC111416130
:10176000704700BF30B444689DF8085024F440240A
:1017700044EA814141604169012A0CBF41F0807116
:1017800021F0807145B921F4000121F0C05141EAF6
:10179000C363436130BC704741F40001F5E700BF0B
:1017A000436823F4404343EA81314160704700BFFE
:1017B000436823F4407343EA01214160704700BF4E
:1017C000436823F4406343EA81214160704700BFCE
:1017D000436843F480334360704700BF436843F479
:1017E0000033436043694AB143F4001301290CBF3D
:1017F00043F4800323F480034361704723F4001310
:10180000F4E700BFF0B503684E7891F802E0CF78B6
:101810000D78517892F802C0147823F4402343EAFB
:10182000864626F4401646EA015121F4000141EAB9
:10183000CE5121F08071D37841EA0C6222F0C0527F
:1018400042EAC76222F0C04242EA437222F0F0024A
:1018500042EA051323F4706343EA04230360F0BDF6
:101860004B1E2DE9F043DBB24FEA43085FFA88F8DC
:1018700008F11009076892F801C09678D47892F8B8
:1018800000E05FFA89F9032505FA09F21531C9B2BA
:1018900027EA02020CFA09FC012742EA0C0C8F40ED
:1018A00008F119085FFA88F28E402CEA07079900C0
:1018B00095403E43C9B226EA050504FA02F20F2319
:1018C0002A438B400EFA01FE22EA030343EA0E0389
:1018D0000360BDE8F08300BF4163704709B1426413
:1018E0007047C263704700BF092930B4D0F8A840E0
:1018F0000DD8094B094D53F8213055F82110DB4321
:1019000023408A401A43C0F8A82030BC70470C21FD
:101910006FF44053F4E700BFC4D70208ECD70208C5
:101920004B6803658B6843650B68C364704700BFF1
:101930000C4B984210B5044609D00B48FFF7E6FB64
:101940000948FFF767FB0123C4F8983310BD074827
:10195000FFF7DCFB0548FFF75DFB0123C4F8983374
:1019600010BD00BF004001502000002010000020EA
:101970004FF480738B400122C0F8A0338A40D0F826
:10198000A0331A42FBD17047F8B5A14B98420446E8
:101990000E46154653D09F48FFF748FB08B101207B
:1019A000F8BD9C48FFF7BEFB80F00100C0B20028E4
:1019B000F5D0D4F89833002BF1D0D4F8A033F3400D
:1019C000DB0701D50220F8BD582202FB06F2696848
:1019D000A150A318A968EA7ED5F80CE02F8B996076
:1019E0008B49C3F810E0DF612868986142F44062D7
:1019F0008C421A642FD02B8C23B9AB7803F05003A0
:101A0000102B2FD0AB8B23B9AB7803F06003202BC6
:101A100053D0AA7E0123B340013AC4F83833C4F846
:101A20004033C4F84833C4F85033C4F85833072A55
:101A30006CD8DFE802F0959E6D767F8CA7B476486F
:101A4000FFF7F4FA0028AAD17348FFF76BFB80F088
:101A50000100C0B2ABE7012ECDD82A699A646A6949
:101A60001A65C8E76A4B6D49582202FB06429C4240
:101A7000576C95F8223000F0B38003F0030047EA7A
:101A8000C0275764CF684FEA800E0F221B0902FA65
:101A90000EF227EA020203FA0EF31343CB600A693F
:101AA0004FF48073834013430B61582303FB0643B9
:101AB0001A6C22F480621A64A4E7554B57495822E5
:101AC00002FB06429C42576CAB7F71D003F00300CF
:101AD00047EAC0175764CF684FEA800E0F221B09F0
:101AE00002FA0EF227EA020203FA0EF31343CB6066
:101AF0000A694FF48073834013430B61582303FB3F
:101B000006431A6C22F400621A6482E70020F8BDD2
:101B1000582101FB06440020236C43F0404323641A
:101B2000F8BD582101FB06440020A36943F000637F
:101B3000A361F8BD582101FB06440020236C43F04B
:101B400080432364A36943F00063A361F8BD582177
:101B500001FB06440020A36943F08053A361F8BD54
:101B6000582101FB06440020236C43F0004323640A
:101B7000F8BD582101FB06440020236C43F080434C
:101B80002364F8BD582101FB06440020236C43F078
:101B900000432364A36943F08053A361F8BD582137
:101BA00001FB06440020A36943F0C053A361F8BDC4
:101BB00003F0070047EAC01757648F684FEA800EAA
:101BC0000F221B0902FA0EF227EA020203FA0EF3B1
:101BD00013438B600A690123834013430B618DE734
:101BE00003F0070047EAC02757648F684FEA800E6A
:101BF0000F221B0902FA0EF227EA020203FA0EF381
:101C000013438B600A690123834013430B614CE744
:101C1000004001502000002010000020004900502A
:101C200040F201138B40D10748BFC0F81033910731
:101C300048BFC0F81833510748BFC0F82033110718
:101C400048BFC0F82833D20648BFC0F830337047C9
:101C5000034B98420CBF034B034B43F821207047C2
:101C6000004001504408FF1F6408FF1F582303FB76
:101C700001010A4A4B6CC3F3C311094B904208BFE0
:101C80000122186918BF4FF480728A4020EA0201CD
:101C9000196119690A431A61704700BF0040015079
:101CA000004900505A4A5B49D0F8603330B45A4D6D
:101CB000A8420CBF0D46154613F010021DD0D0F8F7
:101CC0000813C1B1CB0700F1978001231C4600E047
:101CD000013304FA03F20A42FAD09A00A958DBB29F
:101CE000012202FA03F3C0F8583321B1102030BCAE
:101CF00008471A0765D430BC704713F0010420D0A0
:101D0000D0F8E8120029F6D0CC0778D401231C467D
:101D100000E0013304FA03F20A42FAD09A00AA580A
:101D2000DBB2012101FA03F3C0F83833C0F84033C5
:101D3000C0F84833C0F85033002ADCD0084630BC25
:101D4000104713F002021DD113F00404D1D0D0F8D3
:101D5000F8120029CFD0CC0755D401231C4600E04F
:101D6000013304FA03F20A42FAD09A00A958DBB20E
:101D7000012202FA03F3C0F848330029BBD0042043
:101D800030BC0847D0F8F0120029B4D0CB0738D4C3
:101D900001231C4600E0013304FA03F20A42FAD0A0
:101DA0009C002959DBB2012202FA03F3C0F8403348
:101DB000C0F84833C0F8503300299CD0022030BC12
:101DC0000847D0F80013002995D0CB071DD4012374
:101DD0001C4600E0013304FA03F20A42FAD09C00E8
:101DE000DBB22959012202FA03F3C0F8503300296B
:101DF00081D0082030BC0847002213466EE7134606
:101E00008DE72346CDE71346B0E72346E8E700BF5A
:101E10006408FF1F4408FF1F0040015001F0FC034D
:101E2000184401F0030110B4C9000469F8238B4081
:101E300024EA0303036103695DF8044B8A401343FA
:101E40000361704710B44900446F03238B4024EAB8
:101E500003034367436F5DF8044B8A4013434367B2
:101E6000704700BF38B50D46044601F043FAAB8811
:101E7000184A626303F4F842B2F5F04F23D01B0214
:101E8000E3632968144B994214D9144B994208D939
:101E90004FF4A0614FF0FF320023A163E26423649A
:101EA00038BDE36B43F40033E3632046192201F0AD
:101EB00063FAEDE7E36B23F40033E36320460A2281
:101EC00001F05AFAE4E75A0002F47E42DBB213430F
:101ED000E363D6E703033F07A0860100801A0600EC
:101EE000D0F80831012A41F4806108BF41F00101B6
:101EF00013F0E06F02D0C0F880117047836B1B06AF
:101F0000FCD4C36C43F40053C364C0F88010704722
:101F1000D0F80831012A41F4A06108BF41F0010165
:101F200013F0E06F02D0C0F880117047836B1B067E
:101F3000FCD4C36C43F40053C364C0F880107047F2
:101F4000D0F8083113F0E06F04D04FF4C063C0F84C
:101F500080317047836B1B06FCD4C36C4FF4C062A6
:101F600043F40053C364C0F880207047D0F80831B0
:101F700013F0E06F02D0C0F880117047836B1B062E
:101F8000FCD4C36C43F40053C364C0F880107047A2
:101F9000D0F8083113F0E06F04D04FF40073C0F8AC
:101FA00080317047836B1B06FCD4C36C4FF4007206
:101FB00043F40053C364C0F880207047D0F8083160
:101FC00013F0E06F04D04FF44073C0F880317047D5
:101FD000836B1B06FCD4C36C4FF4407243F4005374
:101FE000C364C0F880207047D0F80C3113F0E06F64
:101FF0000CBF406DD0F81C01C0B2704700206FF3D9
:1020000000006FF3410040F01C006FF3451040F4F6
:10201000E070C0F308007047044BD3F8A421536864
:102020006FF3410353600020704700BF7808FF1F23
:10203000044BD3F8A421536843F0020353600020FB
:10204000704700BF7808FF1F444A017B70B492F8C4
:10205000FE41002004F0010400297CD053681E07D3
:1020600056BF53680123C3F30013012954D9956B5C
:102070003A4E2D0761D4B56B15F0100F18BF012330
:10208000022949D0D56E354E2D0762D4F56E15F074
:10209000100F18BF012303293ED0D2F8A0502F4EB5
:1020A0002D0754D4D6F8A05015F0100F18BF0123F7
:1020B000042931D0D2F8D450284E2D0745D4D6F873
:1020C000D45015F0100F18BF0123052924D0D2F8E1
:1020D0000851224E2D0736D4D6F8085115F0100FAE
:1020E00018BF0123062917D0D2F83C511B4E2D07EB
:1020F00027D4D6F83C5115F0100F18BF012307293B
:102100000AD0D2F87011154D090718D4D5F87011FE
:1021100011F0100F18BF012303F0010392F8FE2104
:10212000C2F3800262F3000064F3410063F38200B3
:10213000012363F3C40070BC70470123A0E70123AF
:10214000EAE70123DBE70123CCE70123BDE7012315
:10215000AEE701239FE70346E0E700BF7808FF1FD3
:10216000044BD3F8A4311A6811B960F30A121A604B
:10217000002070477808FF1F00F00F02E9B13423F8
:1021800010F0800F03FB02F31D48C35C03F00F0344
:102190000BBF00EB83036A33D3F8C41150F823104C
:1021A0000B6843F400130B60342303FB020200208E
:1021B000137943F020031371704710B4342310F0E7
:1021C000800F03FB02F30E48C35C03F00F030BBF49
:1021D00000EB83036A33D3F8C44150F823402368EB
:1021E00061F3555343F080532360342303FB020211
:1021F0005DF8044B13796FF345130020137170479A
:102200007808FF1F00F00F00342202FB00F20D4B94
:10221000995C1A4411F0800F51680CBF21F0100135
:1022200021F008015160342202FB003300201A79AA
:10223000D8626FF345121A71186198619862186339
:10224000704700BF7808FF1FF0B53D4B00F00F004E
:10225000342101FB00F15A1813F801E01479D3F886
:10226000A47114F0040F0EF00F06FD694FF0000189
:102270005AD004F0FB046FF345141471546824F031
:1022800010045460546861F3CF3141F0904124F060
:1022900008044FF0010C1EF0800F6FF3555154608D
:1022A0000CFA06FC2FD006F16A0E6FEA0C0453F804
:1022B0002EE0CEF8001012791FFA84FE0EEA050C0B
:1022C00092076CF30F050DD11E4A126803EB8606C8
:1022D000527BD6F8C4610EEA154E012A31606EF3C6
:1022E0001F4528D0342202FB0030FD618088B3F8FE
:1022F000FC11C0F383100122824021EA0202A3F8FC
:10230000FC210020F0BD127994070FD106F16A027A
:102310006FEA0C041FFA84FE53F822200EEA050C23
:102320006CF30F051160CFE70120F0BD6FEA0C04DC
:102330001FFA84FEC8E77A6B14407C63D2E700BFC3
:102340007808FF1F7408FF1F034BD3F8A431986867
:10235000C0F30D20704700BF7808FF1F054B93F8AE
:10236000FE0100F00500A0F10500B0FA80F0400980
:10237000704700BF7808FF1F0748D0F8A42108B5B0
:10238000536843F00203536000214FF402720BF0D4
:10239000F2F8002008BD00BF7808FF1F2DE9F04FBC
:1023A0009A4DDFF86C82D5F8A431DFF868A2D3F833
:1023B0001CE0DFF8649200F00F0C342707FB0CF7E9
:1023C000EE1906F108030024EC51746043F8044B45
:1023D00043F8044B43F8044B43F8044B43F8044BD5
:1023E00043F8044B43F8044B43F8044B43F8044BC5
:1023F00043F8044B1C603379E85543F00403337110
:102400007468334662F3D12443F8044F00285C68B3
:102410004FF6C07008BF402060F312045C60EB5DB3
:1024200003F00F03180208F5E06B08EB000400EB63
:102430000B085AF82300306259F823007061F461E8
:10244000C6F80C80E85D00061FD400297FD005EB9C
:1024500083040120D4F8C4613468984044F40044F3
:1024600061F3934480B262F30A0444F080546FF342
:10247000555440EA1E40346060F31F4ED5F8A43135
:102480000020C3F81CE0BDE8F08F03F16A0055F8A6
:102490002060346844F4004461F3934400295FD021
:1024A00062F30A04B5F8FC0144F0805410F001070F
:1024B0006FF3555400F08E80870740F18E804707F8
:1024C00040F18F80070740F19080C70640F191806E
:1024D000870640F19280470640F19380070649D471
:1024E00007274FF0800848EA0000A5F8FC013420D7
:1024F00000FB0CFC05EB0C0967F39954B9F804A038
:10250000DFF8088167F3891AA9F804A00120346074
:10251000984015F80C4080B240EA0E06240666F397
:102520000F0E29D50029A9D108EB8303D3F8C46184
:10253000346844F4004461F39344102A3CD034D905
:10254000202A2ED0402A90D16FF30A048DE703F1A0
:102550006A0055F82060346844F4004461F3934401
:10256000102A31D015D9202A2AD0402A9AD16FF3C7
:102570000A0497E70027BAE708EB8303D3F8C4619E
:10258000346844F4004461F3934400297FF46BAF52
:10259000D3E7082A86D1032755F8206067F30A0499
:1025A00080E7012363F30A045FE7082A7FF45DAF45
:1025B000032363F30A0458E7022363F30A0454E78E
:1025C000012060F30A046DE7022755F8206067F3E5
:1025D0000A0467E74FF0010885E701274FF002087A
:1025E00081E702274FF004087DE703274FF0080832
:1025F00079E704274FF0100875E705274FF020080A
:1026000071E706274FF040086DE700BF7808FF1F0D
:1026100000000020A897FE1F8C97FE1FF8B50E4FF4
:10262000342404FB007406462569A36995420846D4
:10263000E16828BF154619442A460AF091FF23692C
:102640005B1B23610BB1A3692B44342202FB06768A
:102650002846B361F8BD00BF7808FF1F2DE9F04F91
:10266000074683B069486A4C6A4E6B4DFEF74EFDD3
:102670006648FEF7CFFCFEF787FD684B00211F6020
:102680004FF402724023204633607360B360F360FE
:1026900033617361B3612B606B60AB60EB602B6186
:1026A0006B61AB610AF067FF3B687D7B9A68786875
:1026B000BE68B5FA85F103F5006A490903F51069AA
:1026C00042F08102C4F80002C4F80462C4F8A4A174
:1026D000C4F8A89161F3451203F5126803F5146C70
:1026E00003F5166E03F5186703F51A6003F51C6B06
:1026F00003F5306103F5326603F5346A03F5366994
:10270000C4F8AC81C4F8B0C1C4F8B4E1C4F8B8717D
:10271000C4F8BC01C4F8C0B1C4F8C411C4F8C8619D
:10272000C4F8CCA1C4F8D09103F5804103F5386812
:1027300003F53A6C03F53C6E03F5805703F5005042
:1027400003F5405B03F5A04603F5C04A03F5E049F5
:10275000C4F8EC11C4F8A031C4F8D481C4F8D8C1CD
:10276000C4F8DCE1C4F8E071C4F8E401C4F8E8B1ED
:10277000C4F8F061C4F8F4A1C4F8F8919A60D9687B
:1027800041F0804141F48071D960D3F8002842F0D3
:1027900003026FF3D752C3F80028D3F804280021AE
:1027A00042F00202C3F804280091009A42F020028D
:1027B0000092009921F4F86141F480610091009A3F
:1027C0001A611A690092009AC2F34012002AF8D1E5
:1027D0000192019A42F010020192019A1A611A695B
:1027E00001920198C0F300100028F8D10C490D4A5D
:1027F0009861012D18BF0A4642F440224FF0FF3184
:1028000059619A6103B0BDE8F08F00BF80000020DD
:102810007808FF1F8C97FE1FA897FE1F7408FF1FE4
:102820000E3C00C01E3C00C0F0B400F00F00342489
:10283000334E04FB00F4321982B05368C3F3001323
:10284000002B36D115796D0733D5956801955569FB
:10285000D768D362A94228BF2946019D1361C5F3F9
:1028600012058D4228BF0D46116395625762345D93
:10287000240722D0002D37D1012262F3DC43214A04
:102880001268527B2ABB342202FB00F03118325C02
:10289000496A02F00F0206EB8202D2F8C4215161AC
:1028A00013611368002043F00443136002B0F0BCCE
:1028B0007047012002B0F0BC7047012262F3D4439C
:1028C000104A1268527B43F0C04361F30603002AAA
:1028D000D9D0342202FB00F0325C02F00F0206EB8A
:1028E0008202D2F8C421DBE75268C2F3C6214A1E35
:1028F0002A44B2FBF1F262F3DC4365F31203BEE754
:102900007808FF1F7408FF1F2DE9F84300F00F0738
:102910003426394D06FB07F6AC1923795B0753D5EE
:102920006368180757D4236AE0699A4228BF1A4699
:1029300091460AF015FE6368D4F81CC0C4F824C0A0
:1029400043F0080300216360E162C4F83090A85DA1
:10295000A36800F00F0000F16A0EC3F3120255F8ED
:102960002E804A4528BF4A46D8F800E0A262AAB3A2
:10297000AB5D1B072BD06368C3F3C624631E9BB2F9
:1029800013FA82F3C2F3120293FBF4F3C3F30903C5
:102990001A4C2468647B62F3120163F3DC410CBBC4
:1029A000C8F814C0342303FB07F7EA19EB5D106B7A
:1029B00003F00F036A334EF0044E55F823301961CB
:1029C000C3F800E0BDE8F8830120BDE8F883C2F356
:1029D00012020123DCE70020BDE8F883012363F342
:1029E000DC41DFE7012CDDD1D5F8A421536B844015
:1029F0001C435463D6E700BF7808FF1F7408FF1F0D
:102A00002DE9F04FB94CD4F8A0319D695A698FB0C7
:102A100002EA050A5FFA8AF60190300700F1EB82BC
:102A2000019A527B012A00F0F382CAF30725690755
:102A300044BF4FF480625A612A0700F1D2824FEA04
:102A40001A66370600F1C382700600F1B082E9060B
:102A500000F1F181AA0600F1D3811AF4802F40F031
:102A600005811AF4002F18D11AF0040F02D10FB00B
:102A7000BDE8F08F5D6868070BD594F8FE31D4F897
:102A800000226FF3820384F8FE3101209047D4F8CE
:102A9000A0315D600FB0BDE8F08FD4F8A421936938
:102AA000D76952690292C3F30F43002213EA174712
:102AB000039200F09780DDF804B0CDF810A0164620
:102AC0003B4615464FF0340CB846DF0740F1818095
:102AD00006F1700904EB8902029952689BF80D30E7
:102AE00097680F405FFA87FA002B40F081801169E8
:102AF00003911AF0080F21D07C4A0CFB0620039AA0
:102B00000179C2F34172D20063F34511C2F1180298
:102B1000017102610CFB0643CDF804C05A6822F033
:102B200010025A600020D4F804320146984704EBA2
:102B3000890308215A68DDF804C091601AF0010F7A
:102B400046D09BF80D30002B63D00CFB0643996AEE
:102B50000CFB06431A6B8A4272D09868C1EB020ED6
:102B6000C0F3120086450CFB06FE88BF091804EB73
:102B70000E0098BF1146816214F80EE01EF00F0F90
:102B80004FF0000300F1280A40F0AE82012161F30A
:102B9000D44343F0C04362F30603554A1268527BA4
:102BA0000CFB06F6002A40F0A682A25D02F00F029E
:102BB000A11904EB8202486AD2F8C41148610B6182
:102BC0000B6804EB890943F00443D9F804200B6037
:102BD00097600135EDB258FA05F32E467FF475AFD4
:102BE000DDF810A0D4F8A0314FF400225A613BE781
:102BF0001AF0080FA2D03D4A0CFB0621012B0A79DE
:102C00006FF345120A7185D10B69CA6A13440B61CF
:102C100080E70CFB0640039BC26A816AC3F3120380
:102C2000C2EB010EC3EB0E0302EB030E426AC0F8C7
:102C30002CE0134443620CFB06431A6B8A428CD18E
:102C4000CDF804C05A68D96A196122F010025A609E
:102C5000264B2846D3F8043201219847234BDDF850
:102C600004C003EB8909D9F80420B1E7D4F8A431F2
:102C70009A691B69039397B2002F61D00026B6466C
:102C80003B464FF0340BCDF810A0B946DB074FD5CB
:102C90000EF16A030BFB0EF00293D4F8A4A154F8D2
:102CA000233014F800809D68DAF83410019A039FED
:102CB000527B08F00F0C21FA0CF1C901C9B239435B
:102CC00020440D40B2B9EF071A6930D522F06042B6
:102CD000002A00F01882816A0BFB0E42136B8B42B4
:102CE00033D1536823F00803536017E07808FF1FBF
:102CF0007408FF1F012A02D1290600F12A82E90780
:102D000015D50BFB0E40036B816A8B421DD14368C6
:102D1000012A23F00803436000F07382D4F80432E0
:102D200046F0800002219847029B54F823309D60B2
:102D30000136F6B259FA06F3B646A7D1DDF810A06F
:102D4000D4F8A03100225A618BE60BFB0EF2A018DA
:102D5000A25C8068C1EB0308C0F3120C02F00F0202
:102D6000E045069202F16A0228BF01EB0C030BFB5F
:102D70000EFC54F82220059204EB0C0112688B62C1
:102D8000002001F12808002B00F0DD8114F80CC0B0
:102D90001CF00F0F00F0CF814968D8F80470C1F320
:102DA000C62C0CF1FF38D91B0B461FFA88F818FA0D
:102DB00081F1C3F3120391FBFCFCCCF3090CC24973
:102DC0000968497B63F312006CF3DC40002940F092
:102DD0000D820BFB0E4305995B6A4B610BFB0EFEEC
:102DE000029B14F80E1054F8233001F00F016A31E1
:102DF00042F0044254F8211008610A609D6097E790
:102E0000D4F8A81194F8FE210B68D4F800526FF39F
:102E10000A0342F005020B60022084F8FE21A84755
:102E2000D4F8A031DA68092161F38D224FF4005102
:102E3000DA60596111E6D4F8A411D4F8C4914A6853
:102E4000D4F8D471D4F8D861D4F8DC0142F001028E
:102E500004F5E47898E800514A60D9F8002042F07F
:102E600000626FF35552C9F80020D8F80020DFF84F
:102E7000689242F000626FF35552C8F80020DCF807
:102E80000020DFF8588242F000626FF35552CCF810
:102E90000020DEF80020DFF848C242F000626FF345
:102EA0005552CEF800203A68DFF838E242F000626E
:102EB0006FF355523A603268844F42F000626FF30C
:102EC000555232600268824E42F000626FF35552F2
:102ED000026040204FF48012586260F30F0200201D
:102EE0009A62C3F80491C3F80881C3F80CC1C3F80F
:102EF00010E1C3F81471C3F818610D900D9A42F0F7
:102F000020020D920D9A22F4F86242F480620D9232
:102F10000D9A1A611A690D920D9AC2F34012002A95
:102F2000F8D10C920C9A42F020020C920C9A22F4E6
:102F3000F8620C920C9A1A611A690C920C9AC2F3FC
:102F40004012002AF8D10B920B9A42F010020B9219
:102F50000B9A1A611A690B920B9AC2F30012002A9B
:102F6000F8D14FF00113CB614B69019843F00F0387
:102F7000407B4B610B6943F00F030B610B68012829
:102F800062F30A130B6008BF4A636368D4F8002237
:102F900023F010036360636823F008036360042078
:102FA0009047D4F8A0314FF480525A6152E594F81A
:102FB000FE31D4F8002243F0040384F8FE310020EF
:102FC0009047D4F8A0314FF080425A613FE5D4F8E1
:102FD000003208209847D4F8A0314FF000425A61DF
:102FE00032E5D4F8003206209847D4F8A0314FF4E7
:102FF00000625A6123E5D4F8003209209847D4F8DA
:10300000A03108225A61019A527B012A7FF40DAD4A
:10301000F1067FF50AAD6FF304159D611A6AC2F3DC
:103020004341022900F0FF80062949D102F00F0731
:1030300004EB8701C2F30A12D1F8C41125480968CC
:10304000D4F8E0810E043BD5342101FB070EDEF8F5
:103050002400A8B35FEA920C0BD04FEA8C0C00213D
:1030600001E0DEF82400D8F80060465004316145E4
:10307000F7D162451BD0D8F8008018D94FF0340E34
:1030800063460EFB074E00264FF0FF0909FA06F1D2
:1030900001EA0801DEF82400DFF838C0F140C1542D
:1030A00001339A4206F10806F0D1DCF8A03134264B
:1030B00006FB0746F16A706A11440244F1627262CB
:1030C00045F010059D61B0E47408FF1F90001000EA
:1030D000A00010007808FF1F5000100060001000D2
:1030E0007000100080001000A9B961F312030122E2
:1030F00062F3DC4351E5A25D02F00F0204EB8202B1
:10310000D2F8C4115BE5C26A816A436AC1628A1A55
:103110001A444262E0E54268DAF80400C2F3C622CB
:10312000091A02F1FF3E8E44BEFBF2F262F3DC4369
:1031300061F3120331E5D8F804105B1AC3F31203EC
:103140004FF0010C3BE663F31200012363F3DC4014
:1031500044E608F00F0808F16A015E4F57F82110A5
:10316000C76AD1F818C05B49069708F1780851F88A
:1031700028100791816AC91B059151D001F10308FC
:103180001FFA8CFC4FEA9808E04544D80BFB0E412F
:10319000B8F1000F00F09B800691CDF82490496AA9
:1031A000DDF81CC0029FDDF81890CDF820E000206B
:1031B0000968CCF80010D9F82410013004314045DA
:1031C000C9F82410F4D10698DDF820E0C06ADDF8D3
:1031D0002490029706900746BC46059F0BFB0E40C5
:1031E000BC443944C0F82CC0416288E501297FF411
:1031F000F5AD069FDAF83430B9401943CAF83410F7
:10320000ECE5344BD3F8A4114B6B02FA0EF223EA2F
:1032100002024A6382E54FEA8C010591E046B5E778
:10322000416A069FD8E702F00F0704EB8701C2F35B
:103230000A10D1F8C421D4F8E0C11268254912045B
:103240007FF53EAF342202FB071EDEF82410002972
:103250003FF436AF5FEA90080FD04FEA88080022AB
:1032600001E0DEF82410DCF800608E5004324245A4
:10327000F7D1342202FB0742516A40451ED0DCF8E8
:1032800000C01BD94FF0340E43460EFB074E0026FC
:103290004FF0FF0801E0DEF8241008FA06F202EA17
:1032A0000C02F240CA540133984206F10806F2D1EA
:1032B000342202FB0742D4F8A031516A342202FBC7
:1032C00007470144FA6A79620244FA62F8E6496AF9
:1032D000069F81E77808FF1F10B5054C2046FDF7D3
:1032E0008DFE2046FDF706FFBDE81040FDF754BFF8
:1032F000800000201B4B984210B504461BD003F5FC
:103300000073984217D0184B984224D003F50073ED
:10331000984220D0154B984216D003F5007398427E
:1033200012D00323E360E368DB07FCD5236C23F0B2
:103330000F03236410BD4FF40060FDF7E7FE4FF468
:103340000060FDF767FEECE70948FDF7DFFE08487F
:10335000FDF760FEE5E70748FDF7D8FE0548FDF7F5
:1033600059FEDEE70000034000000248004002482A
:103370000001001080000010632900D90AB9012063
:1033800070472DE9F04117460C460646FDF75EFEF4
:10339000184DA5FB0032A5FB043552096D0940F21A
:1033A000FF3E4FF0010C07FB05F5C2EB8221704692
:1033B000E046B1FBF5F39C0AB4F5806FC3F3090353
:1033C000A1EB020104D2734502D29E46A446804678
:1033D0000138EED148F4004333617269064B013F76
:1033E00013400CF1FF3C43EA872343EA0C4373612B
:1033F000BDE8F0811F85EB51EF8000FC38B50D462C
:1034000004460120FDF782FE0120FDF703FE6B69F3
:1034100023606B6843F40043C4F88030AB68C4F8A1
:10342000A030EB68C4F8A4302B69C4F880322B6854
:10343000C4F8B83038BD00BF2AB1064A28330A4064
:1034400040F823207047283340F21F720A4040F8AA
:103450002320704700001F07D0F880300C4943F04C
:103460000043C0F8803001F1100051F8042BD2F86D
:10347000803013F4403F02D18142F6D17047D2F838
:103480008030DB00F8D5D2F88030DB00F7D4F3E7EA
:1034900054D802082DE9F04F4B79D0F8A05091F89C
:1034A00004A0CE78CC7A91F807B091F8069091F804
:1034B00009800A7A91F80AC0B1F802E00F7825F481
:1034C000E06503F0070345EA032323F01F030AF036
:1034D0001F0A43EA0A05C0F8A050D0F8A0300BF04C
:1034E000070B23F0E06343EA0B6323F4F81309F0BE
:1034F0001F0543EA0545C0F8A050D0F8A43008F0F5
:10350000070823F4E06343EA082302F01F0223F0D4
:103510001F031343C0F8A430D0F8A45004F00702EE
:1035200025F0E06444EA026424F4F8140CF01F026D
:1035300044EA0242C0F8A4200B69C0F88030CEF300
:10354000090E07F00707CB68C0F8B83047EA0E4706
:10355000C0F8F071D0F8F021C6F3001342F0004239
:1035600042EA0372C6F3810342EA8362C6F3401360
:1035700042EA4372C6F3801342EA8373C0F8F03123
:10358000BDE8F08FF0B4BAB1C1F304421025C1F325
:1035900002616FF4F81618246FF0E06700EB830304
:1035A000A140D3F8A0403C402143AA403140114300
:1035B000C3F8A010F0BC704715466FF01F0601F06D
:1035C0001F020824C1F302216FF4E067E6E700BFA1
:1035D000D0F8803023F003031943C0F880107047FF
:1035E000D0F8C0308A4288BF013123F00303194369
:1035F000C0F8C010704700BFD0F8C03023F00303FC
:10360000C0F8C030704700BF0E4B984210D003F591
:103610008063984211D003F5806398420FD0D0F8B0
:10362000C020033101238B401343C0F8C0307047E2
:103630000123994238BF0131F1E70223F9E703235F
:10364000F7E700BF004800408A4238BF0132D0F897
:10365000C0100332012393400B43C0F8C0307047C1
:10366000D0F884300A7823F00073C0F88430D0F8A2
:10367000843010B423F03003C2F3810412F003024B
:1036800043EA041320D043F08003C0F884304B6831
:1036900043F0802343F40003C0F820318B68022AF2
:1036A00043F00103C0F8243105D1D0F8243143F4AC
:1036B0008033C0F82431D0F884305DF8044B43F0F7
:1036C0000073C0F884307047C0F884304B6843F012
:1036D000802343F40003C0F820318B6843F00103DA
:1036E000C0F82431E7E700BFD0F8C03123F0F00381
:1036F00043EA0111C0F8C011704700BFD0F8843010
:103700000A7823F08073C0F88430D0F8843010B485
:1037100023F00303C2F3810412F0030243EA04031B
:1037200020D043F00803C0F884304B6843F0802376
:1037300043F40003C0F800318B68022A43F0010310
:10374000C0F8043105D1D0F8043143F48033C0F817
:103750000431D0F884305DF8044B43F08073C0F836
:1037600084307047C0F884304B6843F0802343F4C2
:103770000003C0F800318B6843F00103C0F8043146
:10378000E7E700BFD0F8C03123F00F031943C0F8BA
:10379000C011704730B4137BD0F8885001248C409E
:1037A00025EA04048B402343C0F88830537B1C0671
:1037B0000AD4012923D0C9B10025D0F8B0405BB2AA
:1037C000AB402343C0F8B030D0F8C840536823431F
:1037D000C0F8C830D0F8D04093682343C0F8D03048
:1037E0008031136840F8213030BC7047D0F8B030D9
:1037F00023F01F03C0F8B030537B0D46DDE7D0F84F
:10380000B03023F4F853C0F8B030537B0825D4E728
:10381000072910B410D901F180410839D0F8B4411A
:1038200089000F238B4024EA03038A401A43C0F81F
:10383000B4215DF8044B7047D0F8B04189000F23E4
:103840008B4024EA03038A401A43C0F8B0215DF894
:10385000044B70472DE9F8430020FDF7BBF9D0F881
:10386000049006781FFA89F8002E40F091805E4D92
:103870005E4F284631464FF4007209F07CFE4FEA55
:1038800018284A2309246E7085F802906E7285F814
:1038900003802B702C72564A07F1080302F10801CD
:1038A000B94288BF934294BF012300230A2C94BFDE
:1038B000002303F00103002B00F08A8047EA020393
:1038C0005B0740F08580A4F1080ECEF3CC0E0EF11C
:1038D000010E4FEACE039BB2A7F108084FF0000C8F
:1038E000F8E902010CF1010C1FFA8CF9CE45E2E86F
:1038F0000201F5D89C4203F10A0047D0591C89B255
:10390000FA5C2A54A142384A03F10B053ED2981CB6
:1039100080B2795C5155844203F10C0536D9D91C2B
:1039200089B2385C50558C4203F10D052ED9181D13
:1039300080B2795C5155844203F10E0526D9591D98
:1039400089B2385C50558C4203F10F051ED9981D81
:10395000795C515581B28C4203F1100316D9795C20
:10396000D154013C0B34A4B2224B2146187800F00C
:103970002FFF21461C4800F03FFF00F03FFF042EC0
:1039800001D0FDF77FF90020BDE8F883013CE9E7AD
:103990004846FDF74FF9074609F0F5FD124D013095
:1039A00084B24FF400722846002109F0E4FD4FEA8A
:1039B0001828220A4A232C726E7085F8029085F826
:1039C00003806A722B70002C7FF465AF0A24CBE76A
:1039D000013C094B17FA84F1013F17F8012F03F856
:1039E000012F8F42F9D1BDE7C897FE1F64D80208A6
:1039F000D297FE1FC497FE1FD197FE1F08B5034B39
:103A00001B780BB1FFF726FF002008BDC497FE1FEF
:103A100008B50B78064A4B2B107002D04FF6FF709A
:103A200008BD0028FCD0FFF715FF002008BD00BF2F
:103A3000C497FE1F704700BF2DE9F0432F4BC1B064
:103A4000D32205468DF803008DF800201E7800284B
:103A500050D00F464FF00008042303F101091BB2B8
:103A60001FFA89F939780DF803107A680FFA89F18D
:103A7000684600F007FFBC6848441FFA80F92046FA
:103A800009F081FD09F1010E0FFA89F91FFA8EFE86
:103A900010F0FF0C0DF809001FFA8EF30FD020462E
:103AA00004EB0C0110F8014B1AB2884203F1010338
:103AB0000DF802409BB2F5D10EEB0C0083B208F179
:103AC0000108A84507F10C07C7D19CB2250ADBB253
:103AD000304621468DF801308DF8025000F078FE16
:103AE0006846214600F088FE00F088FE002041B0C4
:103AF000BDE8F08304231C46EAE700BFC899FE1F17
:103B0000F0B50B78584CD03B85B005462070142B8F
:103B10000FD8DFE803F0120E390E0E0E0E0E0E0E49
:103B20000E0E0E0E0E0E490E7B0E0B00012A00F03B
:103B300089804FF6FF7005B0F0BD012AF9D1002150
:103B40004FF40072494809F016FDFDF7A3F800286C
:103B500000F08880454C4368D1222270026803211E
:103B6000204600F0FFFEC31C9EB2320A6370A270B2
:103B70002846314600F02CFE2046314600F03CFE3F
:103B800000F03CFE0020D6E7052AD2D1CB780C7994
:103B90004A7888781B0443EA0463134343EA00200D
:103BA000FDF77EF80020C6E7012AC2D13048002187
:103BB000C822074609F0DFFCFCF722FA0138032887
:103BC00028BF00202B4B00EB800003EB8000E1239B
:103BD0003B70002402237B708268BC70032138464E
:103BE00000F05EFEC61C244A3146384600F058FEFE
:103BF000304486B23146284600F0EAFD3846314668
:103C000000F0FAFD00F0FAFD204694E7012A90D179
:103C10001A4E01920024348134607460FCF7D4FCA5
:103C2000FCF7A6FC019AE32328461146337000F006
:103C3000CFFD019A3046114600F0DEFD00F0DEFDBA
:103C4000204678E70E4E0192E5210024346074602E
:103C500031703481FCF798FCFCF770FC019A28461F
:103C60001146E4E702A875E7C899FE1FCC99FE1F2C
:103C7000CC9BFE1FBC90FE1F70D80208949CFE1FB8
:103C8000A09CFE1F142A00D0704708B50120FDF744
:103C90000DF8BDE80840FDF711B800BF2DE9F0416F
:103CA000264E274D33686B7088461C0E1A0C362141
:103CB0001B0A2C712970EA70AB70D8F800306B7158
:103CC000190E1A0C1B0AAB712972EA710746D8F853
:103CD00004200921284600F0D5FD093084B221B224
:103CE000D8F80820284600F0CDFD204480B203B269
:103CF00098F80C20EA54431C1BB298F80D20EA54A3
:103D0000831C1BB298F80E20EA54033084B2D8F812
:103D1000102021B2284600F0B5FD204484B221468F
:103D2000384600F055FD2846214600F065FD00F0BC
:103D300065FD336801333360BDE8F081D4B1FE1F07
:103D4000AC9EFE1FF8B5274D31232B700F4606465B
:103D50000A682846012100F095FD441C21467A6836
:103D6000284600F08FFD04442146BA68284600F03A
:103D700089FDBB8920442A18190A5170841C2B54D0
:103D80003A692146284600F07DFD044421467A69BF
:103D9000284600F077FD04442146BA69284600F021
:103DA00071FD20443B7F2B542B187A7F5A70FA8B7D
:103DB0009A70120ADA703A6A1A71083084B2170ED1
:103DC0003046160C120A2146DF719E715A7100F0BE
:103DD000FFFC2846214600F00FFDBDE8F84000F04A
:103DE0000DBD00BFD4A0FE1F2DE9F04F91B092F899
:103DF00028308A8805924A8808924D6B059A01936B
:103E00000C4608998DF82D50013B01FB02F2012B65
:103E100002EB420294BF01270227D10007FB01F108
:103E20002A0A4FEA156C4FEA154E059B089DDDF8EE
:103E30002080DDF814A08DF83570C9084FF04709CF
:103E4000123100261B0A012789B29DF804B08DF8B3
:103E50002C902D0A4FF00C098DF82E208DF8323061
:103E60008DF830C08DF82FE08DF83B708DF831A0C3
:103E70008DF836808DF83AB08DF834608DF8336067
:103E80008DF839608DF838608DF83D608DF83750C9
:103E90008DF83C9000F09CFC12210BA800F0ACFCCB
:103EA00008FA07F1434603915246D900E76A0791A1
:103EB000002A57D0A8F102035B08013303EB430348
:103EC00006939BB24146099308F0010302932B4CE1
:103ED0008B0004370493B94600250123019AAB40B7
:103EE0001A4236D0029BC8464FF0020A8BB14FF6F9
:103EF000FF714FF0FF3B039B2046984400F07CFC91
:103F0000BAF1010F5C4424D0029B4FF0010A002B50
:103F1000EDD1089B012B2CD9069B414604EB030CE9
:103F2000224631F8020C31F8043C43EA0033180E03
:103F3000D0704FEA134E180A82F802E0507002F86F
:103F4000033B624501F10401EBD1069B09999B46B5
:103F5000D1E7049B994455B1079B1F44059B01364B
:103F6000B342B8D100F04AFC11B0BDE8F08F012592
:103F7000B3E7029B19469B46BDE700BFD4A1FE1FD5
:103F80002DE9F04F04460878303889B016281BD840
:103F9000DFE810F01F001A002A001A00F300810168
:103FA0001A001A001A001A001A001A001A001A0041
:103FB0001A001A009A011A001A001A001A001A00B0
:103FC0001700052A00F0CC814FF6FF7009B0BDE85C
:103FD000F08F012AF8D1B948FCF7E0FE2046B74936
:103FE000FFF7B0FE0020F1E7012AEDD1B44DB54F47
:103FF00000214FF40072284609F0BDFA33232B70DC
:104000003A680321284600F03DFCC61C31467A6818
:10401000284600F037FC06443146BA68284600F0CE
:1040200031FC06443146FA68284600F02BFC064471
:1040300031463A69284600F025FC064431467A6943
:10404000284600F01FFCB7F81CC0B7F81EE0398BFB
:10405000B7F81A803A6A30442B1800F109064FF07D
:10406000040905F800904FEA1C2A4FEA1E29019620
:104070004FEA112B4FEA182683F805C083F807E0B2
:10408000597083F802B083F803801E7183F806A08C
:1040900083F808900199284600F0F4FB019B7A6AA6
:1040A0000344194628461E4600F0ECFB0644314600
:1040B000BA6A284600F0E6FB06443146FA6A28460A
:1040C00000F0E0FB064431463A6B284600F0DAFB8C
:1040D000064431467A6B284600F0D4FBD7F838C046
:1040E000D7F83CE0396C3318EA187E6C03F11008FD
:1040F0004FEA1C6A4FEA1C4982F803A082F802903A
:104100001FFA88F720464FEA1E6B4FEA1C244FEA3D
:104110001E4A4FEA1E29547005F803C00C0E82F89F
:1041200004E082F807B082F806A082F805900B0C34
:104130004FEA112C4FEA166E4FEA164B4FEA162A39
:104140004FEA172911721673D472937282F809C05C
:1041500082F80FE082F80EB082F80DA0394685F89B
:10416000018085F8029000F033FB2846394600F0C4
:1041700043FB00F043FB002028E7232A7FF424AF11
:104180004A7C91F81280CE7B887991F810E04B4DF3
:104190000390120442EA0862887A91F815C00793E6
:1041A00032434B78049042EA0E2E887B4A7991F88C
:1041B00004B0CF7891F808A0CE7991F80C9091F8DE
:1041C0000980019302928B78CA7A0590487BC5F8E2
:1041D00010E091F816E006904FEA0C4C4CEA0E6E97
:1041E00091F813C04EEA0C0E91F814C012044EEA76
:1041F0000C2EC5F814E042EA096C91F819E0019A16
:10420000887E3F0447EA0B674FEA0E4E1743360499
:10421000029A4EEA006046EA0A6691F817E01643F1
:104220004CEA080291F818C040EA0E0040EA0C2C53
:1042300047EA03270498039BC5F818C042EA002EFA
:1042400046EA03260598069B6E6043EA0022AA818F
:10425000CA7E2A770A7F6A774E7FC5F808E091F810
:104260001EE091F8210091F822202F6046EA0E26E8
:10427000EE8391F82070C97F000440EA02620A438D
:1042800042EA072228462A62FCF7CAFD079B00285B
:1042900075D10C209AE6052A7FF496AECB78087982
:1042A0004A7889781B0443EA00631343204643EAB3
:1042B0000121FCF71FFD002088E600BF800AFF1FD8
:1042C000AC9CFE1FC0D60208012A7FF47DAEFBF72E
:1042D00097FE0138032828BF002000EB80008300F0
:1042E0002D4D2E4FEA587A701D44110E130A95F881
:1042F00005C095F806E0EE7995F80480BB704FEAAA
:1043000012494FF0410A87F806C087F807E0AA680B
:1043100039713E720921384687F800A087F803906A
:1043200087F8058000F0BCFA093086B23146EA68A9
:10433000384600F0B5FA304486B22A69314638462C
:1043400000F0AEFA304485B22946204600F040FA2B
:104350003846294600F050FA00F050FA002035E6C1
:10436000CB7808794A7889781B0443EA00631343C1
:10437000204643EA0121FCF7C7FC002026E6204640
:1043800029460193FFF7DEFC019B1421184600F03B
:1043900047FA00201AE600BFBC90FE1FD49EFE1F05
:1043A000704700BF30B5174C83B0A189A06804F0F6
:1043B00033FDA268A389216A02441B1A0546A26044
:1043C000A381E9B18847D5B92369984217D36179A8
:1043D000B1B1626A1344984212D3042908D002A8EA
:1043E000094B40F8043D042104F014FD04F024FDC1
:1043F0000023064A63710423A260A38100E02061C8
:1044000003B030BDD8B1FE1F5B000100ECB1FE1F50
:1044100038B50F4C049D6362002322622060217135
:10442000A5626371A360A38182B19047094D2061A9
:104430000423094AE5614FF400700021E0626171D4
:10444000A260A381BDE8384004F0E2BC1046EDE76D
:10445000D8B1FE1F08B2FE1FECB1FE1F2DE9F041DE
:10446000A14C6379042B92B02BD0FFF79BFF6379AB
:10447000032B24D8DFE803F007028970A38953B126
:1044800012B0BDE8F081A389974A032BF8D8012127
:104490005171002BF4D1237D934E607DE17DA27D8F
:1044A0005A2B78D0914B12AD45F8403D0423284655
:1044B0001946737104F0AEFC04F0BEFC7379042B52
:1044C000DED1894E02AD402740212846A560A78154
:1044D00004F0A2FCA389A268216A1B1A9BB20244C1
:1044E0008046A381A26011B38847B8F1000F21D1A3
:1044F0003369984219D3717909B3726A13449842A7
:104500001DD3042908D012A8794B40F8443D04215A
:1045100004F080FC04F090FC0023764A63710423CD
:10452000A260A38112B0BDE8F081B3893061002B95
:10453000CAD0A5E7B3893061002BC5D0A0E7A38915
:10454000002BC1D09CE703F11800022103229860E0
:1045500099815A71FFF726FFA389634E002BADD1D5
:10456000717E337E777DF07DB27D43EA01234EF28A
:10457000DB018B421BD012AD5F4B95E7F169B28135
:104580000223B1607371FFF70DFFA289564B002A19
:10459000D9D05B7993E73379834229D352EA012258
:1045A0004AD0F36A9A42E9D912AD544B7CE742EA09
:1045B000002207B33568F16914206FF0130310FB74
:1045C00007332B4438469D68DB68A8475B220346C7
:1045D000050A042102A88DF80A308DF808208DF80C
:1045E0000B508DF8097004F015FC04F025FC93E7DE
:1045F00012AD434B58E7F36993F80080B8F1010F0F
:1046000000F082801BD3B8F1020F02D1012A00F022
:10461000CC80FF2702AD5B220023284604218DF8C1
:1046200008208DF809308DF80B708DF80A7004F0B1
:10463000F1FB04F001FC6FE712AD324B34E7012AC5
:10464000E7D132798DF8052002EB42035B0002339B
:104650009BB202AD4FEA132C4FF05A0E28460421AC
:104660008DF80A308DF80BC08DF808E08DF80470D5
:104670008DF8097004F0CEFB01A8022104F0CAFBFA
:1046800033790BB33AB2216802EB8202013751F859
:1046900022308DF8083001EB8202180E190C1B0A2B
:1046A0008DF80B008DF80A108DF8093093888DF87D
:1046B0000C3028461B0A06218DF80D3004F0AAFBA9
:1046C0002379FFB2BB42DDD8E022DB23284602215A
:1046D0008DF809208DF80830474604F09BFB04F064
:1046E000ABFB05F0D5FE96E7D8B1FE1F5B000200DC
:1046F0005B000100ECB1FE1F5B0007005B000600E1
:104700005B0003005B000500012A82D1DFF8BC805A
:104710008DF80820B8F80430B8F80600B8F808108A
:104720008DF80930060A1B0AD8F800208DF80C60B5
:104730000D0A8DF80A308DF80B008DF80D108DF8EC
:104740000E5013783E4623B10136B6B2935D002B6E
:10475000FAD106F108039BB24FEA132C4FF05A0E20
:10476000002201A8042102AD8DF806308DF807C0A3
:104770008DF804E08DF8052004F04CFB2846072155
:1047800004F048FB711CD8F8000089B204F042FB29
:10479000E022DB2301A802218DF805208DF80430EA
:1047A00004F038FB04F048FB35E7B36A002B3FF414
:1047B00030AF12AD5B2345F8403D0421284604F09C
:1047C00029FB04F039FBB36A984724E71C96FE1FC7
:1047D00010B582B00B460C0A8DF805005A2201A8CC
:1047E00004218DF806308DF807408DF8042004F080
:1047F00011FB02B010BD00BF04F00CBB00B583B0CC
:1048000002A8DB2300F8043D0221E0238DF80530E7
:1048100004F000FB04F010FB03B05DF804FB00BFE4
:104820002DE9F843164D95F804E0BEF1000F1CD0B9
:10483000894606460124A84606E0DB68B34216D046
:1048400001347245E4B210D2631E2A68DBB203EB76
:10485000830302EB830322461F69002FEDD122461A
:10486000724504F10104E4B2EED3BDE8F8834A4690
:1048700020463146B84798F804E02246E0E700BFFA
:10488000D8B1FE1F10B483B002AB044643F8042D28
:1048900018686050042003B05DF8044B704700BFF7
:1048A000F8B506460D461446002A56D0104608F0C4
:1048B0006AFE705510F0FF0006EB050350D06A1C2D
:1048C000324444EA0207691D17F0030F06EB0107A3
:1048D00004F104010CBF4FF0010E4FF0000EBC427A
:1048E00038BF8A422CBF012100211EEA010F29D0C6
:1048F000092827D9031F9B0801339900A4F1040E4E
:10490000002701375EF804CF42F804CBBB42F8D849
:10491000884201F1010213D0B71814F823E007F818
:1049200005E0824201F102030ADA3344A25C5A55DF
:104930008B1C984201F1030102DD3144E35C4B55CD
:104940000130F8BD05442E44013C14F8012F03F852
:10495000012FB342F9D10130F8BD72550120F8BDE5
:104960000120F8BD2DE9F04F814683B088464254BE
:10497000002A77D001269A4603EB82078B19009311
:104980004B1D019352E0204608F0FDFD09F805009B
:1049900010F0FF0009EB050362D0009A0199324440
:1049A0004A4442EA040C01EB060E1CF0030F04F12A
:1049B0000401CE440CBF4FF0010C4FF0000C7445C5
:1049C00038BF8A422CBF012100211CEA010F3DD0D3
:1049D00009283BD9011F890801318D00A4F1040C7D
:1049E0004FF0000E9B460EF1010E5CF8043F42F8BA
:1049F000043B7145F7D8A8425B4605F1010211D08E
:104A000014F821100BF80210824205F1020109DAB4
:104A1000A25C0BF8012088420A4605F1030501DD7E
:104A2000A25C5A550130BA4506440BD05AF8044BE3
:104A300006EB0805002CA6D10120BA4509F805406F
:104A40000644F3D1304603B0BDE8F08F05444D4431
:104A5000013C14F8012F03F8012FAB42F9D1E1E733
:104A60000120E0E70126EDE7030A022B16D0032B15
:104A700009D0012B03D00020034613607047094B77
:104A8000136012207047C0B20228F4D8064B0749C1
:104A900053F82030136031F810007047044B136056
:104AA0003E207047F8D80208DCD90208E8D902088D
:104AB000F0D90208454A92F83E319B0710D570B5EF
:104AC0004349847C8B889BB29C4200D070BD4B785C
:104AD000203B0446032BF9D8DFE803F0183F6303BB
:104AE00070470B783A49212BF0D13A4892F83E3181
:104AF000856823F0020382F83E31002DE6D0498814
:104B000020462B46C9B2BDE8704018470B78212BD0
:104B1000DCD192F83E0192F83C312F4920F002009E
:104B20002C2582F83E0105FB032202E00B78002BC6
:104B3000CCD093689B06F9D500F06CFCA06100F026
:104B40003DFC207700F03AFC607700F037FC214B09
:104B5000A0771B68002B34D1B8E70B78A12BB5D117
:104B600092F83E1192F83C3121F002012C2082F89B
:104B70003E1100FB03229368D806FCD49368990782
:104B8000F9D5A06900F030FC207F00F001FC607FC7
:104B900000F0FEFBA07F00F0FBFBBDE8704000F0E2
:104BA000A7BB0B780A49212B90D192F83E310948D6
:104BB00023F0020382F83E3143684A88A282002B28
:104BC00084D02046BDE87040184700BF940DFF1FF9
:104BD0008C0BFF1FE490FE1F890BFF1F38B50222CC
:104BE00000230321037543758375C37503764376EC
:104BF0008376C376037743778377C37702718272B4
:104C000001740121044600F01BFC01210546A01D92
:104C100000F016FC0121002804F10C0008BF00255B
:104C200000F00EFC002814BF2846002038BD00BF4D
:104C30001C4B1A78042A00D070478269002AFBD0E6
:104C400070B40278184902F00F042C2622F07F027B
:104C500006FB041581F83C4181F83D21AA68D40681
:104C600005D4AA68920702D51B78042B01D070BC2A
:104C700070478369002BFAD0037803F00F0206FB1C
:104C8000021623F07F0381F83C2181F83D3133790E
:104C90001B064CBFB38BB389002BE8D070BC00F06F
:104CA00027BB00BF890BFF1F940DFF1F0F4B1B7805
:104CB000042B01D0022070478369002BFAD010B575
:104CC00003780B4A0C46204603F00F0123F07F03C4
:104CD00082F83C1182F83D3108F055FC002281B287
:104CE0002046BDE8104000F0EBB900BF890BFF1F64
:104CF000940DFF1F0C4B1B78042B01D00220704732
:104D00008369002BFAD030B40378084C03F00F0508
:104D100023F07F03084684F83C51114684F83D3166
:104D2000002230BC00F0CCB9890BFF1F940DFF1F8F
:104D300008B5104B1B78042B01D0022008BD8369F5
:104D4000002BFAD003780C4903F00F002C2202FB51
:104D5000001223F07F0381F83C0181F83D31137983
:104D60001B064CBF908B90890028E7D000F0C0FA5A
:104D7000002008BD890BFF1F940DFF1F08B5134BC2
:104D80001B78042B01D0002008BD8369002BFAD0CA
:104D900082790F4902F00F002C2322F07F0203FBDF
:104DA000001381F83D2181F83C019A689106EAD50B
:104DB0001A79120605D5988B0028E5D100F06CFA17
:104DC000E1E798890028DFD1F8E700BF890BFF1FD2
:104DD000940DFF1F014B01221A707047E40AFF1F58
:104DE000014B01225A707047E40AFF1F014B012258
:104DF0009A707047E40AFF1F08B581200E494022CF
:104E000001F00EF882200D49402201F009F803203C
:104E10000B49402201F004F80A48FFF7DFFE48B1D1
:104E2000094A0A4992F83E31042043F0010382F80E
:104E30003E31087008BD00BFE80AFF1FA40AFF1F2B
:104E4000280BFF1F680BFF1F940DFF1F890BFF1F0F
:104E50000148FFF72FBE00BF680BFF1F2D4991F8D7
:104E60003E21D30700D470472B482C4B00682DE916
:104E7000F04E6FF300024FF0000A4FF00309284C88
:104E800081F83E2183F812A083F811A083F81090D6
:104E9000026966695661E669D661A66983F80BA066
:104EA00082B083F805A083F8069096614FF0810ADE
:104EB000266983F80CA04FF00809A3F80E9021682A
:104EC000A768E56816614FF0400B266AA3F808B0A2
:104ED0004FF0020A4FF0820983F80AA00191A3F86B
:104EE00002B0616883F804A083F8009016629760AE
:104EF000D560019B1360636A5160536200F0FAFE53
:104F000010B102B0BDE8F08E02B0BDE8F04E00F086
:104F10007BBF00BF940DFF1F1891FE1F680BFF1F82
:104F2000F090FE1F264A274B106827492DE9F04EC6
:104F30004FF0000A4FF0030983F812A083F811A084
:104F400083F8109002694E695661CE69D66182B0CD
:104F50008E690C68966183F80BA00E6983F805A032
:104F600083F806904FF0810A4FF00809CD688F68EA
:104F7000166183F80CA00E6AA3F80E9001944FF00E
:104F8000400B4FF0020A4FF082094C68A3F808B0BA
:104F9000166283F80AA0D5609760A3F802B083F880
:104FA00004A083F80090019B82E818004B6A5362CA
:104FB00000F0A0FE003018BF012002B0BDE8F08E66
:104FC0001891FE1F680BFF1FF090FE1F08B500F040
:104FD00021FF30B1034B1878A0F10400B0FA80F043
:104FE000400908BD890BFF1F10B511B906242046E2
:104FF00010BD0028FAD00A4601460748FFF77AFE9E
:105000000028054814BF06240024FFF791FE00285D
:1050100018BF0624204610BD680BFF1F10B578B1DD
:1050200001460948FFF742FE0028074814BF06243E
:105030000024FFF77DFE002818BF0624204610BD7F
:105040000624204610BD00BF680BFF1F30B583B09B
:105050000023ADF8063011B9062003B030BD00289A
:10506000FAD00B4A0C460321054682F83D3182F8FE
:105070003C11284621460DF1060200F071F8052882
:10508000F7D000280CBF0020062003B030BD00BFC1
:10509000940DFF1F38B5074C4FF40065C4F88C50D1
:1050A000BFF34F8FBFF36F8F0348FFF767FEE560D5
:1050B00038BD00BF00E100E0680BFF1F00F0A4BE98
:1050C0002DE9F84F254B0C46804693F83C1191464C
:1050D000002A3BD01788E41BA4B22C2606FB01361D
:1050E000F4B1B368DB06FCD400F03AF9F8B1756AA4
:1050F000F0692D1AA54216D8ADB2641B1FFA84FBC5
:105100002C46336A08EB07012A46184408F028FAAF
:10511000F36927441D445C46BFB2F561002CE0D121
:105120002046BDE8F88F25464FF0000BE9E700F078
:10513000DFF83389C3F386139C4202DAB9F1000F1A
:1051400006D100F05DF80028CAD0EAE71746C4E7A8
:10515000A9F800700520BDE8F88F00BF940DFF1F6F
:105160002DE9F84F254B0C46814693F83C119246A9
:10517000002A3BD0B2F80080C8EB0404A4B22C256E
:1051800005FB01350CB3AB681B07FCD400F0E8F855
:1051900010B3EE68A6421BD8B3B2E41A1FFA84FB20
:1051A0001C462B696969324609EB0800194408F06E
:1051B000D7F9EA682B69A044921B5C461E441FFA8B
:1051C00088F8EA602E61002CDDD12046BDE8F88F1A
:1051D00026464FF0000BE4E700F05EF8BAF1000F4E
:1051E00006D100F00DF80028CCD0EFE79046C6E7D6
:1051F000AAF800800520BDE8F88F00BF940DFF1FBE
:105200002DE9F843224C234D23689B6B9847A14618
:10521000804664262C2794F83C3107FB0342117921
:1052200008061AD4926892062BD42A7802F0FF015D
:1052300022B305291FD007FB03439868C0F3800001
:10524000A8B9D9F800309B6B9847804511D0731EE0
:10525000DBB2CEB180461E46DDE79068C0F3001099
:105260000028E2D192689107DFD5BDE8F883BDE858
:10527000F8833346EEE70320BDE8F8830220BDE85B
:10528000F8830020BDE8F8830420BDE8F88300BF60
:10529000940DFF1F890BFF1F70B5144D95F83C311D
:1052A0002C2404FB0354A3689A0700D470BD2B6818
:1052B0006169DB6AA26920799847A368E0600021F0
:1052C0001B0702462161F1D40028EFD12389207900
:1052D000A16943F008032381238962F345132381E5
:1052E0002B68BDE870409B6A184700BF940DFF1FF4
:1052F000F8B5194991F83C312C2202FB03139A6846
:10530000D00602D49A68920700D4F8BD18891F6AA3
:10531000124E40F0100003F1280503F1200418811B
:10532000D869A0606F6000204FF40067D861C6F8AC
:105330008C70BFF34F8FBFF36F8F0A68187969685D
:10534000136BA26898476A68A36802441B1A6A60D4
:10535000A360F760F8BD00BF940DFF1F00E100E0FF
:105360000A4B93F83C212C2101FB02331A791206D7
:1053700004D4D868003018BF01207047586ADA6931
:1053800082422CBF00200120704700BF940DFF1FF8
:10539000094A92F83C312C2101FB032202F1180347
:1053A000516A5A688A4200D3FEE7996888545A685D
:1053B00001325A60704700BF940DFF1F094B93F8EC
:1053C0003C212C2101FB023303F10802516801B991
:1053D000FEE7586993680139C05C516001339360FE
:1053E000704700BF940DFF1F094A92F83C312C21F1
:1053F00001FB032202F11803526A5968033A9142F1
:1054000000D3FEE79A6850505A6804325A607047D9
:10541000940DFF1F094B93F83C212C2101FB023313
:1054200003F108025168032900D8FEE75869936820
:105430000439C0585160043393607047940DFF1FC6
:10544000002942D02DE9F8434D1EE9B2204F062530
:1054500005FB01050A3500F104093E464FF02C0812
:105460001CE019F8042C1A7139F8022C198962F31E
:105470008C11CAB242F0010219811A721A8942F0E3
:1054800002021A8119F8040C020609F1060903D474
:1054900032689969936A9847A94513D019F8043C72
:1054A0003A6899F80010D2F81CC039F8022C184656
:1054B00003F00F04E04708FB04630028D1D000206C
:1054C000BDE8F8830120BDE8F8830120704700BFE4
:1054D000940DFF1F09280ED8DFE810F00A0019000C
:1054E00023002A0034000D00E8000E000D00F60035
:1054F000B74B01221A707047B64BB54AD3F840013A
:1055000093F83A1183691170002BF4D01847B14B0E
:10551000AF4AD3F840315B6800211170002BF5D100
:10552000E9E7AC4BD3F840311B68002BEED1E2E742
:10553000A84BA74AD3F840315B6801211170002BBA
:10554000E4D1D8E770B5A24BA24C02221A7022898E
:1055500094F83E316FF30412228122896FF3C30263
:10556000228122896FF382022281A28E6FF30412BC
:10557000A286A28E6FF3C302A286A28E6FF382026E
:10558000A28694F834206FF38203012184F83E311F
:10559000D30784F83B1100F19F80B4F860308D4D43
:1055A0006FF30413A4F86030B4F860306FF3C303F2
:1055B000A4F86030B4F860306FF38203A4F8603070
:1055C00094F86030DE0700F1EC80B4F88C30814D47
:1055D0006FF30413A4F88C30B4F88C306FF3C3036A
:1055E000A4F88C30B4F88C306FF38203A4F88C30BC
:1055F00094F88C30D80700F1BF80B4F8B830754DFE
:105600006FF30413A4F8B830B4F8B8306FF3C303E1
:10561000A4F8B830B4F8B8306FF38203A4F8B83007
:1056200094F8B830D90700F19280B4F8E430694DAD
:105630006FF30413A4F8E430B4F8E4306FF3C30359
:10564000A4F8E430B4F8E4306FF38203A4F8E43053
:1056500094F8E430DA0766D4B4F810315D4D6FF396
:105660000413A4F81031B4F810316FF3C303A4F895
:105670001031B4F810316FF38203A4F8103194F8AC
:105680001031DB073BD40023226884F8393184F8D9
:105690003831936A207918219847D4F840315B6AF1
:1056A000002B00F09380BDE870401847494A484BF2
:1056B000D2F84011187882F83A01CA6905211970A8
:1056C000002A3FF418AF1047424BD3F840311B6A11
:1056D000002B7FF41BAF0EE7236894F830001B6AA1
:1056E000984700287FF459AF94F8343060F30003F2
:1056F00084F83430A38E60F34103A3864DE72B6812
:1057000095F80C011B6A98470028BCD195F8103118
:1057100060F3000385F81031B5F8103160F34103F0
:10572000A5F81031AFE72B6895F8E0001B6A9847A1
:10573000002891D195F8E43060F3000385F8E43057
:10574000B5F8E43060F34103A5F8E43084E72B6852
:1057500095F8B4001B6A984700287FF466AF95F867
:10576000B83060F3000385F8B830B5F8B83060F3AE
:105770004103A5F8B83058E72B6895F888001B6AF4
:10578000984700287FF439AF95F88C3060F3000318
:1057900085F88C30B5F88C3060F34103A5F88C3077
:1057A0002BE72B6895F85C001B6A984700287FF46C
:1057B0000CAF95F8603060F3000385F86030B5F801
:1057C000603060F34103A5F86030FEE670BD00BFB5
:1057D000890BFF1F940DFF1F10B5084C2368802014
:1057E0005B6A0121984700B110BD236801229B6AC2
:1057F00084F83B211821BDE810401847940DFF1F85
:1058000070B5A24CA24ED4F840317088DA6882B0EC
:10581000002385B20093019302B1904794F83E3182
:105820009B0707D494F83E3123F0020384F83E31FD
:1058300002B070BD7378EDB20C2B16D8DFE813F010
:105840002500BE0015009D001500D0005600150073
:1058500083008A000D00780015008E4B1A78042A08
:1058600000F036811B78032BDCD12368874D5B6AFF
:105870008020012198470028D4D12B6801229B6AFF
:1058800085F83B2118219847CCE73078804B10F001
:10589000030000F003811B7803F00303012B00F0E9
:1058A000E78033787A4A03F00303022BDDD179498C
:1058B0009388097804299BB203D0928892B2002A77
:1058C000D3D12C2203F00F0302FB03436F491A7A52
:1058D000D007CAD59B680A6802A9C3F3800341F8C0
:1058E000043D0020136B022298479BE7D4F8403117
:1058F0005B69002BB9D07088B188654E80B289B2DF
:105900006A46984705460028AFD0F38800999BB2B5
:10591000984228BFF588236828BFADB21B6B2A4682
:1059200000209847009B2D1A1844A562E06279E791
:10593000584B1A78042A95D17288B38814FA83F3E5
:1059400083F838216EE7236853491B6B012200203E
:10595000984767E7D4F8403184F839519B6803B120
:105960009847002D54D094F83E31484DD90740F166
:10597000A680484B04221A7054E7022D3FF475AFFD
:10598000444B1A78042A67D01B78032B7FF46DAF41
:10599000002D7FF46AAF33783D4A03F00303022BF6
:1059A0007FF463AF938813F0FF0F7FF45EAF23891A
:1059B00043F004032381FFF70FFF33E73378344AC2
:1059C00003F00303022B27D0137813F003037FF4B3
:1059D0004CAF94F83E2163F3820284F83E2121E724
:1059E0002C4B95B902221A702368284E9B692846D1
:1059F0000021984700287FF415AFD6F840311B6985
:105A0000002B3FF40FAF98470CE703221A70EBE727
:105A1000204B03221A7005E71E4993880978042950
:105A20009BB204D0928892B2002A7FF41EAF2C223F
:105A300003F00F0302FB034314491A7AD5077FF5DD
:105A400014AF1A896FF382021A81B0880B68C0B252
:105A50005B6A00219847E5E6002D44D0012D7FF4D4
:105A6000E1AE94F83E3143F0040384F83E31D9E6C8
:105A7000084B1B78042B7FF414AF02A92368002085
:105A800041F8040D1B6B02229847CBE6940DFF1FD3
:105A90008C0BFF1F890BFF1FCD0EFF1F94F83E31AB
:105AA0002268C3F380056D00EDB202A9C3F3C00301
:105AB0002B4341F8043D136B02229847B2E62B6852
:105AC00080205B6A0121984700287FF4ABAED4E6C2
:105AD000B188236889B201F59C7121441B6B0122B6
:105AE000002098479EE6B3880A480B492C2203F011
:105AF0000F0302FB03431A7AD2077FF55CAF1A89C2
:105B000042F004021A810B6880885B6A0121C0B2EE
:105B1000984787E68C0BFF1F940DFF1F2DE9F84374
:105B2000724C00F00F05012920F07F0094F83D71C0
:105B300094F83C8184F83D012E4684F83C5167D0AE
:105B40003AD3022932D12C2303FB054303F1200968
:105B50009A6A002A40F091801879020714D1DA6914
:105B600092B16349C98889B28A420DD01B89C3F3B7
:105B70008613B2FBF3F103FB112129B923680A460E
:105B80001B6B984794F83C51DFF860912C2303FB82
:105B9000064600223389F26162F3041333812DB982
:105BA00099F83B31022B78D0032B4ED084F83C81FE
:105BB00084F83D71BDE8F8832C2303FB05431A8963
:105BC0006FF3C3021A81002DF0D12368484EDB6ABF
:105BD000314628460822984794F83E31082843F079
:105BE000020384F83E31E1D1B6F806901FFA89F934
:105BF000B9F1000F68D03378190671D4F1882368A1
:105C000004229B6A84F83B2189B228469847CDE755
:105C10002C2303FB054399461A8942F0200229F8F8
:105C2000082FD9F80420DAB12C2303FB0646DFF84D
:105C3000BC9033896FF3C3033381002DB6D199F83B
:105C40003B31042B33D0052BB0D1D9F8003099F873
:105C500004009B6A18219847012389F83B31A5E786
:105C60002168C9F80820CD6A187959699A69A84746
:105C700094F83C51C9F80400D6E7216818790E6BF6
:105C8000D96A03F12805B0476A68D9F80830024498
:105C90001B1A6A60C9F8083088E7D9F8003028462E
:105CA0009B6A29469847052389F83B317EE7FFF731
:105CB000A7FDD9F8003028461B6B29462A4698478D
:105CC000032389F83B3171E7032384F83B31FFF765
:105CD00097FD236848461B6B49464A46984765E747
:105CE000022384F83B31FFF78BFD5FE7940DFF1F24
:105CF0008C0BFF1F70B53B4C0546FDF7EDFA0021FC
:105D00004FF4A272204607F036FC374B374820602C
:105D100001260020187026722389354A626143F0FB
:105D200002032381238933492162402262F38C13C9
:105D300023812B69D96884F83B614FF48072304627
:105D40006262A26121B35A6912B39A6802B3C4F8BD
:105D50004031FBF7C9F923682749284A5B68696025
:105D6000AA60284698470546A8B1FDF7B5FA23680A
:105D70009B68984750B9224B4FF40062C3F88C21BE
:105D8000C3F88C20BFF34F8FBFF36F8F284670BDD1
:105D90000546284670BD1B4BDB68C3F30223C3F1E5
:105DA0000701062928BF0621CBB15A1E01238B40CB
:105DB000013B93409B00124ADBB282F86B332368AD
:105DC0004FF400610020C2F88C11DB69D1600146FC
:105DD0004022984705460028C7D1284670BD1A467C
:105DE000E4E700BF940DFF1F890BFF1F14D80208C2
:105DF000940CFF1F940BFF1FD55402081D5B020873
:105E000000E100E000ED00E0014B1B68DB68184793
:105E1000940DFF1F014B1B68DB6B1847940DFF1F90
:105E200010F0800F10B40A4B00F00F044FF02C005C
:105E300006D100FB04335DF8044B59619A61704749
:105E400000FB0434216262625DF8044B704700BFBE
:105E5000940DFF1F014B1868FCF7D2BD1891FE1F6F
:105E6000F8B590F82630002B2FD190F8216016B1AC
:105E70001D462846F8BD0446006900F031FC236940
:105E800094F818E09F68E169FA68012303FA0EF3B9
:105E9000134305466069FB60FBF7A8FB2369606953
:105EA0009A6894F82530678CE1684763C66311618E
:105EB00073B994F8242002210123016184F826306B
:105EC000002AD6D0C3602846F8BD00252846F8BD74
:105ED000314694F82020FBF7ABFB6069D0F8A43082
:105EE00043F00103C0F8A430E3E700BF90F8263088
:105EF0004BB190F8213023B9426901211846D16095
:105F00007047002070470120704700BF90F8213093
:105F10000BB10120704741698A68D207F9D590F822
:105F20002620002AF5D0012218460A61704700BFDA
:105F3000F8B590F82160002E4AD083688B424BD888
:105F40004568A94248D8B1EBD53F47D90023C3F1F2
:105F50000E0225FA02F25C1C91422346F7D8002E6D
:105F60003AD10369C7691A6897F804E004F00F068C
:105F7000A1FB0223C6F12001054603FA01F122FA32
:105F800006F0A6F1200264F3030E084323FA02F29E
:105F900023FA06F187F804E0104313A3D3E90023A2
:105FA00006F0FCFF80B2012888BF00F1FF30E4B2A8
:105FB000688404F00F016869FBF732FB2A696B699A
:105FC000688C9268E96858630020D8631161F8BD55
:105FD00043699B68DB07B0D50120F8BD0024002E83
:105FE000BFD0F9E7AFF3008000E1F5050000000045
:105FF00090F821302BB94369D3F8A00000F00100DC
:1060000070470020704700BF90F8213033B94269D3
:10601000D2F8B03043F00103C2F8B030704700BF8F
:1060200090F826304BB190F8213023B94269022113
:10603000184611617047002070470120704700BF6B
:10604000F0B5057F83B015B1022003B0F0BD036841
:106050000446D3F88C0000F02FFB064618B101204F
:10606000257703B0F0BD2368A068996CFBF728FB87
:106070002368A0685988FBF72FFC2368A0689A88DA
:106080003146FBF72BFC2368A068DA880121FBF777
:1060900025FC2268936CDB7813F0060F40F06681D4
:1060A000A06892F84450D0F8B430116C6668D4F807
:1060B00010E067696D0023F00C0205F0060313433E
:1060C000C0F8B430C6F810E03761FBF729FC23684C
:1060D000A068DA690121FBF7C3FB2368A0681A6A8C
:1060E0000221FBF7BDFB2368A0685A6A0321FBF776
:1060F000B7FB236893F82810002940F0308193F80B
:106100002A10002940F0248193F82C10002940F037
:106110001A8193F82D10002940F0108193F82E1069
:10612000002940F0068193F82F10002940F0F680F6
:1061300093F83110002940F0E68093F83720A068EA
:10614000032A00F019819A8E42B1196A5A6AFBF744
:1061500059FBA068FBF73CFB2368A0685A7C002130
:10616000FBF7C2FB2368A0689A7C0221FBF7BCFB0B
:106170002368A068DA7C0321FBF7B6FB2368A068DC
:106180001A7D0421FBF7B0FB2368A0685A7D052126
:10619000FBF7AAFB2368A0689A7D0121FBF7A4FB0B
:1061A0002368A068DA7D0821FBF79EFB2368A068BE
:1061B0001A7E0921FBF798FB2368A0685A7E0A2102
:1061C000FBF792FB23681A7A32B1A168D1F8A420B8
:1061D00042F00102C1F8A4205A7A32B1A168D1F884
:1061E000A42042F00402C1F8A4209A7A32B1A16836
:1061F000D1F8A42042F00802C1F8A420DA7A32B122
:10620000A168D1F8A42042F01002C1F8A4201A7BA2
:1062100032B1A168D1F8A42042F02002C1F8A42034
:106220005A7B32B1A168D1F8A42042F00202C1F831
:10623000A4209A7B32B1A168D1F8A42042F48072E4
:10624000C1F8A420DA7B32B1A168D1F8A42042F4CD
:106250000072C1F8A4201A7C32B1A168D1F8A42040
:1062600042F48062C1F8A42093F84C20002A42D165
:106270001D4695F85C30002B35D195F86C3053BB3A
:1062800095F87C3043B1D5F8800095F88410D5F8A6
:106290008820FAF76FFE2568AA6CD5F88C30127B3F
:1062A0001B68287802F00F02D34001222362227774
:1062B00000283FF4CAAE6168667BCB6895F8280079
:1062C00002FA06F52B43CB6008B9A368DA60022313
:1062D00023770020B9E6286F95F87410AA6FFAF7B3
:1062E00049FE2568CCE7286E95F86410AA6EFAF787
:1062F00041FE2568C1E7186D93F854109A6DFAF7BE
:1063000039FE2568B5E793F8322093F83330A0685A
:1063100000930323FBF726FA23680EE7A068FBF738
:1063200011FA2368A06893F83010FBF713FA23687A
:10633000FEE6A068FBF734FA2368F4E6A068FBF7F2
:1063400037FA2368EAE6A068FBF73AFA2368E0E642
:1063500093F82B20A068FBF7E7F92368D4E693F8BD
:106360002920A068FBF7D2F92368C8E6D16B6068E2
:10637000FBF7C4F9226893E693F8382093F83910B4
:10638000FBF72CFA2368A06893F83620002A3FF424
:10639000DAAE426942F4F0124261D4E6037F03F0C0
:1063A000FD03012B01D00120704730B44168457BCB
:1063B0000468CA6894F8284003FA05F52A43CA60BD
:1063C0000CB98268D3600223037730BC0020704789
:1063D000027F03465AB1826810B4012002240321CF
:1063E00010611461002019775DF8044B704701209B
:1063F000704700BF2DE9F041047F002C40D00029F8
:106400003ED042F21074A2423AD8A34238D804686F
:10641000076AA46CB7FBF1F72178C90748BF7F086A
:10642000791E4FF6FE74A1422AD80446154689B259
:106430008068DFF854801E46FBF74EFAC5F51C5302
:10644000103303FB07F3A8FB0332A068C2F34F32FB
:106450000021FBF743FAC6F51C51103101FB07F18F
:10646000A8FB0132A068C2F34F320121FBF736FAD4
:10647000636822691A6100206562A662BDE8F08146
:106480000120BDE8F08100BF5917B7D12DE9F047D1
:10649000047F04B3F9B11F4603689B6C164604469B
:1064A000026A1878B2FBF1F810F0010516D0F51960
:1064B000A5F59C53083B41F2883293420BD841F238
:1064C00087339E4207D84FEA580808F1FF314FF64C
:1064D000FE7399422FD90120BDE8F087B8F5803FBF
:1064E000F9D206EB070942F210739945F3D808F187
:1064F000FF3189B2A068DFF874A0FBF7EDF906FB65
:1065000008F2AAFB0232C2F34F322946A068FBF719
:10651000E5F909FB08F1AAFB0132A068C2F34F328A
:106520000121FBF7DBF9636822691A610020E76249
:106530002663BDE8F08789B2A068DFF83090FBF7EA
:10654000CBF9720008FB02F2A9FB0232C5F51C551B
:10655000C2F34F32A06800211035FBF7BFF905FBED
:1065600008F25200A9FB0232D7E700BF5917B7D192
:10657000204BF0B4DB68047841788778C3F30223BA
:10658000C3F10705062D28BF06254BB35E1E012269
:10659000B240013A02EA07030122AA40013A0A4046
:1065A00061B2B240002943EA02031BDB01F1604201
:1065B00002F561429B00DBB282F80033C37863B11D
:1065C000027853B2002B08DB02F01F025B090121A5
:1065D000094801FA02F240F823200020F0BC70477D
:1065E0001E46D9E7054A04F00F049B002244DBB2A3
:1065F0001376E3E700ED00E000E100E0FCEC00E0F2
:10660000F8B5037A0BB10020F8BD04460068FBF72B
:106610008FF9204A6368D26819785F78607AC2F38C
:106620000223C3F10705062D28BF06251BBB1E4606
:106630000122AA40013A0A4041B2B240002943EA8D
:1066400002031FDB01F1604202F561429B00DBB2F5
:1066500082F80033627A53B2002B08DB02F01F028B
:106660005B0901210C4801FA02F240F823200123C2
:1066700023720020F8BD5E1E0122B240013A02EAF8
:106680000703D5E7054A00F00F009B000244DBB288
:106690001376DFE700ED00E000E100E0FCEC00E055
:1066A0000148FBF7FFBA00BF004001500148FBF76B
:1066B000F9BA00BF00800150437B0BB10020704746
:1066C00010B504468068217BFAF7CEFFA268D36834
:1066D000012143F48073D3600020617310BD00BFBB
:1066E000437B0BB10020704710B504468068217BC6
:1066F000FAF738FFA268D368012143F48073D360AE
:106700000020617310BD00BF0346007E022800D048
:1067100070472DE9F041586919691E46FCF76EFE75
:10672000344610254FF001080027236893E8030042
:10673000FCF7B0FE236803211868FCF749FF54F802
:10674000043B1A7A3AB97169D1F8802008FA05F049
:106750000243C1F880200135142D5F72E5D1737EAC
:106760001BB900203076BDE8F0817069FCF774FE3B
:10677000F7E700BF10B504460068FFF741FF236844
:10678000217B18686268FBF7FFF838B963689A6A7A
:1067900032B92046A3689847002010BD012010BDE3
:1067A0002368217B1868FBF73BFA94E80C00217BF7
:1067B00010685A6AFBF74CFAEBE700BF0268037BEC
:1067C00011680A4A70B4582404FB03134FF480760E
:1067D000DE61037B064D12682D6804FB03F3CA508B
:1067E000027B04FB02139D6070BC7047DCDBFE1F64
:1067F000ECDBFE1F0268037B11680A4A70B4582460
:1068000004FB03134FF48076DE61037B064D1268B0
:106810002D6804FB03F3CA50027B04FB02139D6046
:1068200070BC7047E0DBFE1FF0DBFE1F0268037BDD
:1068300011680A4A70B4582404FB03134FF480769D
:10684000DE61037B064D12682D6804FB03F3CA501A
:10685000027B04FB02139D6070BC7047E8DBFE1FE7
:1068600080B4FE1F0268037B11680A4A70B4582482
:1068700004FB03134FF48076DE61037B064D126840
:106880002D6804FB03F3CA50027B04FB02139D60D6
:1068900070BC7047E4DBFE1FD8DBFE1F10B504465A
:1068A000021D217C0068FAF765FB2068217C627C70
:1068B000FBF7C8FA002010BD0346A0B170B404680D
:1068C0002168627CA668481E012181404D1E0D434F
:1068D0002A40002002F00102DD60996018616274B4
:1068E0005E6070BC70470120704700BF2DE9F04129
:1068F0000468A3684360002A38D0D0F810E0C56867
:1069000094F810C04669876905FA0EF5BCF1000FCE
:106910001AD124680EEB040CACF1080C0A44CEF139
:10692000080E11F8018B23FA0CF488EA0404E4B28F
:1069300007FB04F403FA0EF3A45963402B40914281
:106940004360EED1BDE8F0810A4411F801CB23FA8F
:106950000EF48CEA0404E4B207FB04F49142A45957
:1069600084EA132303EA05034360EED1BDE8F08116
:10697000F0B4064610B30269C76809C807FA02F105
:106980000B40047C417CD3408C42736014D005687A
:10699000012D03F0010108D901225B08013203F047
:1069A0000104AA4244EA4101F7D1C068414001EA2A
:1069B00007007060F0BC70471946F6E7F0BC7047FE
:1069C000184B194AD8684FF6FF0101400A43DA60B4
:1069D00072B6164A9A60BFF34F8F62B6D3F888201A
:1069E000134842F4700241F21401C3F8882042585F
:1069F00022F00F0242F0040242505A6922F01002C3
:106A00005A615A6922F008025A615A6A22F48032A5
:106A10005A625A6A22F400325A625A6A22F4802276
:106A20005A62704700ED00E00001FA05000000081E
:106A3000001000584B1C012B98BF70472DE9F00344
:106A4000911C9B08B1F80480B1F802900A8831F8D3
:106A500002CC8044814402448444D9F80070D8F8C0
:106A600000601568DCF80040C9F80060C8F80070E4
:106A7000CCF800501460D9F80470D8F80460556858
:106A8000DCF80440C9F80460C8F80470CCF804507D
:106A900054600831013BD5D1BDE8F00370474B1C71
:106AA000012B98BF70472DE9F003911C9B08B1F8AA
:106AB0000480B1F802900A8831F802CC00EB580843
:106AC00000EB590900EB520200EB5C0CD9F80070A6
:106AD000D8F800601568DCF80040C9F80060C8F814
:106AE0000070CCF8005014600831013BDFD1BDE8E4
:106AF000F00370472DE9F047B0F800E042688046A7
:106B000001EB8E094FEA5E005FEADE0E2DED088B89
:106B10004FEA800300F09F801033CE1801F110057A
:106B20004B4402F1100709F1100414ED042A54ED4E
:106B3000032A13ED045A53ED035A54ED028A16ED5D
:106B4000043A56ED033A13ED027A53ED017A55ED0E
:106B5000044A14ED018A16ED020A56ED010A15EDFC
:106B6000034A55ED026A15ED016A74EE82BA34EEFD
:106B700022BA73EE059A33EEA59A30EE071A70EE3C
:106B8000A71A76EEA8AA36EE08AA45ED04BA05EDD6
:106B900003BA45ED02AA05ED01AA06ED021A46ED7B
:106BA000011A46ED049A06ED039A74EEC24A34EED9
:106BB000624A35EE435A75EEE35A17ED043A57ED43
:106BC000033A23EE652A64EE231A23EEE41A65EEF7
:106BD000032AA4EE031ABEF1010E05F11005E4EE3E
:106BE000831A06F1100607F11007A5EE232A04F117
:106BF000100403F11003E5EEA32A04ED071A44ED97
:106C0000081A03ED082A43ED072A57ED055A17ED38
:106C1000065A76EEE86A36EE486A37EE407A77EE44
:106C2000E07A26EE253A65EEE63A25EE674A67EE0B
:106C3000054AE6EE053AA6EE853AA7EE254AE7EEC6
:106C4000A54A04ED063A44ED053A03ED064A43ED44
:106C5000054A7FF46AAF84B202230846214600F059
:106C6000C5FABDEC088B48462146D8F8042002231B
:106C7000BDE8F04700F0BABA2DE9F04F2DED0A8BD0
:106C80000488436891ED006A91ED017A8FB0640841
:106C900001930A46A3001A44154608921A44D2EDFD
:106CA000006AD5ED003A0C910E4676EE265A114652
:106CB0000B900846194491ED004AD5ED012AD2ED1A
:106CC000017A099275EEA34A2A4674EE244A3546A3
:106CD00014EE90EA91ED015A45F808EB76EE666AFB
:106CE000D2ED014A009137EE276A0F4697ED012A4F
:106CF000039577EE677A32EEA63A36EE247A75EE91
:106D0000E35A77EEE34A36EE626A77EEA37A76EEDE
:106D1000E26A73EE453A37EE027A114686ED017A61
:106D2000620836EE456A019C0A9275EE266A88462C
:106D3000BC4634EE845A35463E1F13EE907A8E469A
:106D400075EEC45A48F8087B8EED015AAEF104077F
:106D500004F1080E0146CDF810E015EE90EA41F876
:106D600008EB0691019980ED016A01F1100ECDF852
:106D700008E001F1180ECDF814E077EEC47A023A7B
:106D800016EE90EA009C4CF808EB5208C4ED017A2C
:106D9000079200F01B810446083BDDF808A0CDF8FF
:106DA00034C0934601F12009A0F10C0201F1300E2C
:106DB0003344103510346046414614ED027A55EDE7
:106DC000023AD1ED005A90ED006A54ED016A15EDDA
:106DD000015AD0ED014A91ED014A33EE870A35EEB2
:106DE000268A70EE257A73EEC73A76EE277A35EE6C
:106DF000665A45ED027AD1ED017A90ED017A78EE8E
:106E0000277A35EE65AA77EE877A3AEE06AA45ED3F
:106E1000017A96ED002A97ED001AD2ED027A93EDF1
:106E2000027AD3ED012A56ED011A92ED013A57ED9F
:106E3000019A71EE026A79EEA10A76EEA78A31EE26
:106E4000422A77EE288A74EE23AA18EE90CA47F8F1
:106E500008C9D2ED018A93ED019A70EEA88A37EE47
:106E6000C71A78EE898A7AEEE4AAC7ED018A5AED4C
:106E7000018A79EEE11A2AEE28CA5AED029A32EE18
:106E8000439AAAEEA9CABBF1010B05F1080539EE38
:106E9000229A71EE21CA68EEEABA29EEECBA69EEDE
:106EA00029AAA9EE28BA0AF1080AA2F10802EAEE14
:106EB00029BA09F1100904F108041CEE10CAECEE1D
:106EC000A8AA41F808CB70EEC30A41ED01BA82EDE1
:106ED00004BAC2ED03AA76EEE76A30EE650A59ED10
:106EE000077A59ED088A38EE448A70EEE20A36EEE7
:106EF000C77A30EE460A38EE648A67EEE06A68EEDA
:106F0000279AE7EE686A0EF1180EA3F1080327EE40
:106F1000C09AE0EE289A67EE277AA8EE289A16EE35
:106F200090CAE0EEE87A44ED049A04ED039A46F83C
:106F300008C975EE255AC6ED017A5EED0B6A35EE8D
:106F4000C66A33EEC44A72EEC37A5EED0C5A74EE32
:106F5000844A31EE617A66EE263A77EEC27A26EE00
:106F6000E44AE4EEA53A65EEC74A27EEA55AA6EE36
:106F7000254AB0EE646AA7EEA66AF0EE457A13EEF3
:106F800090CAE7EE267A40F808CB00ED014A83ED7F
:106F9000046AC3ED037A7FF410AF07990298DDF815
:106FA00034C0CB0001EB410200EB011102910399C7
:106FB0001944039104991944049106999844194479
:106FC0009C44059B069103EBC2030593039A069E1E
:106FD00092ED003AD6ED006AD8ED007A9CED004AB9
:106FE00096ED017AD2ED013AD8ED012ADCED014AA5
:106FF000029DBDF828400C9873EE265A33EE876A3E
:1070000035EEA75A73EE666A34EE055A33EEC77A48
:1070100082ED005A98ED015A9CED013A36EE055A80
:1070200077EE673A35EE035A32EEA63A82ED015A10
:10703000049A73EE843A92ED015AD2ED001A019A45
:1070400033EE643A23EE852A25EE435AA3EE212A35
:1070500021460423A3EEA15A36EE626A75EEE75A82
:1070600088ED002A88ED015A75EEC45A36EE646A3E
:1070700095ED015A95ED003A66EE053A25EE655A12
:10708000E5EE833A3546A6EE035AC5ED003A76EEB4
:10709000E26A86ED015A37EE277A059E77EE447A4A
:1070A00074EEA66A96ED017AD6ED005A27EE876A4D
:1070B00027EE667AA6EEA56AA7EEA57A8CED006AA1
:1070C0008CED017A00F092F80B9D08986A682146D1
:1070D000042300F08BF809986A682146042300F025
:1070E00085F800986A68214604230FB0BDEC0A8B2E
:1070F000BDE8F04F00F07AB8012A2DE9F0410646CC
:1071000017460C469846058854D0B5F5807F4CD07C
:1071100016D9B5F5806F1AD05CD9B5F5006F44D09B
:10712000B5F5805F05D1204629467268012300F03D
:107130005DF8B8F1000F11D1012F16D0BDE8F08134
:10714000202D32D04AD9402DEDD0802DF1D13046BE
:107150002146FFF7CFFCB8F1000FEDD02046B189F2
:10716000B268FFF767FC012FE8D107EE905AF8EEFE
:10717000676AF7EE007AC7EEA66A002DDED004F14A
:107180000801002301339D4201F1080111ED047A49
:1071900051ED037A27EE267A67EEE67A01ED047A5E
:1071A00041ED037AEED1BDE8F08130462146FFF78C
:1071B00063FDBEE7ADB101F10C03002253ED027A8D
:1071C0000132F1EE677A954243ED027A03F108034A
:1071D000F4D19AE7B5F5007FA5D0AAE7102DB6D077
:1071E000A7E7B5F5807F94D8AAE700BF2DE9F04F57
:1071F0002DED108B9DB01C46DFEDC9AA1A92031D20
:10720000824689468B461B9300949E464FEADB03D9
:107210005A00D618F51804925A19D018DF00191818
:107220003C46029757440C930AEBC2021B010AEB3F
:10723000C10107EB040C009C03930AEBC6060AEBA2
:10724000C505043204310AEBC0004FEACB034FF00E
:1072500000085EED011A90ED002A97ED004A52ED0C
:10726000016A96ED003A51ED010AD5ED002A9CED38
:10727000001A31EEA20A71EE029A34EE266A33EE5B
:10728000209A30EE297A76EE097A74EE663A77EE35
:10729000276A37EE677A4EED016A85ED007AD7ED01
:1072A000015AD2ED006AD6ED014A91ED00BAD5ED52
:1072B000018A9EED007AD0ED017A9CED015A33EE01
:1072C000604A35EEE63A74EECB0A31EE421A35EEFC
:1072D000678A37EE682A71EEE22A73EE201A33EEDF
:1072E000603A33EEC4AA75EEA60A33EE844A37EE4E
:1072F000287A74EE8B5AF0EE488AF0EE423AF0EEBD
:10730000424AE1EEAA8AD844C145A1EEEA8AE3EEF8
:107310002A3AE3EE6A4AF0EE621AB0EE412AB0EE83
:10732000413A35EE275AA4EE2A2AA4EE6A3AEAEE4A
:107330002A1AEAEE6A2A30EEA51A37EE054A77EEE7
:10734000457A70EE696A36EE496A70EEE55A34EEB7
:10735000010A76EEA50A34EE414A76EEE56A37EE8A
:10736000C61A31EEA85A77EE867A72EE885A33EE54
:10737000C26A34EEC37A71EEE81A72EEC82A73EE6E
:10738000823A74EE834A8EED000A85ED014A9E44EE
:10739000CCED000A1D44C0ED006A8CED011AC0ED71
:1073A000017A9C4487ED005A184441ED011A42EDE0
:1073B000015AC6ED002A87ED016AC1ED003A1F446B
:1073C00082ED007A1944C6ED014A1A441E443FF684
:1073D00040AF0C9A0193072A234640F2CA8104EB7E
:1073E000440E0EEB0307FD18E818049C009300EB15
:1073F000030CC00010900098A118661C4FEACE0440
:107400000F94C4000D94029C08341794039C083414
:10741000ED0016941A9C13952B464FEACC05129555
:1074200065190795109D06EB82061644651902EB57
:1074300082020001D2000895E5180D9B0E900C32D7
:107440000AEBC6060C981492E2180E9B0995FF00F1
:10745000351D0F9E0A95E318E51940014FEAC10E4C
:1074600006950901A519059300F1080304950C314F
:107470000EF108051893019B039211971995159128
:1074800000224FF0010802F108010F460B911899F4
:107490008E1817998D1816998C181999881814999F
:1074A00001EB020C15990A44039991ED00FA059934
:1074B000D1ED00EA049991ED00EA0699D1ED00DAE8
:1074C000099991ED00DA0899D1ED00CA079991ED7B
:1074D00000CA0399D1ED01BA059991ED01BA049959
:1074E00091ED01AA0699D1ED019A0999D1ED017AA0
:1074F0000899CDED007AD1ED017A0799CDED017AA9
:10750000D1ED017A0AEB070E0A9FCDED027A0CEB62
:107510000A0156445544544450445244C44601E080
:10752000F304353FDEED00FA52ED012A11ED016A58
:10753000D0ED005A57ED016A96ED007AD4ED007A4D
:1075400095ED002A9EED018A7FEE870A32EE061A3B
:1075500037EEA24A75EEA64A70EE841A31EE245A2E
:1075600032EE462A31EE856A75EEE65A8EED006AF5
:10757000D0ED018A95ED019A91ED003A97ED006A00
:1075800094ED010AD2ED006AD6ED013A3FEEC77ADA
:1075900077EEE27A78EEC6FA79EE432A39EE033ACC
:1075A00030EE669A38EE866A70EE266A78EE638A66
:1075B00032EEEF0A72EEAF2A78EE233A30EEC44A8A
:1075C00032EE258AF0EE490A72EE655AE2EEAA0A18
:1075D000DC44E145A2EEEA9AB0EE682AF0EE472AD2
:1075E000E5EEAA2AA5EEEA7AA0EE2A2A73EE065A5A
:1075F000E0EE6A8AF0EE67FA33EEA60AE8EE6A7AFF
:1076000071EE644A31EEC55AE8EE2AFA33EE463A94
:1076100030EE658A73EEE63A34EE036A72EEA06AE3
:1076200034EE434A72EEE00A33EEE43A65EE692A3C
:1076300073EEA43A77EE094A37EE499A38EEE77AC4
:1076400078EEA78A69EE887AEDEE882AEDEE857AE3
:107650009DED018A26EE4B5A2BEE031A72EE6F1A3D
:10766000AEEE835AAEEE861A28EE233A24EE486A2E
:1076700032EE2F2A9DED028AACEE843AACEEA36A7C
:107680002BEEA14A66EEEB3AAFEE264AEFEE213A38
:1076900068EE026A60EEC81A9DED008AECEE206A80
:1076A000ECEE021A64EEC80A28EE072AEDEE070A8D
:1076B000ADEE242A2AEE287A69EE4A4AAEEE097A1D
:1076C000EEEE284A70EE255ACEED015AC6ED007A4C
:1076D000C6ED012A9E4484ED001A84ED015A1E4431
:1076E00002ED013A82ED006A1C4485ED004AC5EDC9
:1076F000013A1A4447ED016AC7ED001A1D4401ED35
:10770000012AC1ED000A1F4480ED007A1944C0ED42
:10771000014A18443FF606AF039A0D990A440392B2
:107720000E99059A0A4405920F99049A0A44049204
:107730001199069A0A4406921399099A0A440992E1
:107740001099089A0A4408921299079A0A440792D3
:107750000C990A9A08F10108083288450A920B9A96
:107760007FF491AEBDF834300093C346DDF86CE091
:107770004CE51DB0BDEC108BBDE8F08F2DE9F0415C
:107780004F1E5FEA970800F1040ED0ED007A58D042
:107790001430C4460426002410ED046A50ED036A38
:1077A00010ED027A50ED015AB4EEE76AF1EE10FAEC
:1077B000C8BFF0EE467AA6F10305F4EEE67AC8BF3C
:1077C0002C46F1EE10FA48BFF0EE667AA6F10205FB
:1077D000F4EEC77A48BF2C46F1EE10FA48BFF0EE3F
:1077E000477A06F1FF35F4EEE57A48BF2C46F1EE14
:1077F00010FA48BF344648BFF0EE657ABCF1010C80
:1078000006F1040600F11000C6D10EEB081E17F0B9
:10781000030018D0081ABEEC017AB4EEE77AF1EE54
:1078200010FAC8BF044600F10100D8BFB0EE677A75
:107830008842F0EE477AEED182ED007A1C60BDE816
:10784000F0814446E3E7B0EE677AF5E730B48D089F
:10785000DFED177A18D000F110032C4613ED047AEF
:1078600053ED035A13ED026A53ED016A37EE877A3E
:10787000013C77EE257A03F1100377EE867A77EEF6
:10788000A67AEBD100EB051011F0030305D0B0ECA4
:10789000017A013B77EE877AF9D107EE101AB8EE3C
:1078A000477A30BCC7EE877AC2ED007A704700BFD6
:1078B000000000009FED1C7A06EE900AF5EE007ABB
:1078C000E6EE877AF5EEC07AF1EE10FABDEEE77AD1
:1078D00004D517EE103A013B07EE103AB8EEC77A1E
:1078E000DFED126A124A77EEC77AB7EE007A67EEDA
:1078F000A67AFCEEE76A16EE903AC3F3080306EEAA
:10790000903AF8EE666A02EB830177EEE67AD1ED03
:10791000016A37EE677A67EEA67AD1ED006AE7EE84
:10792000267A17EE900A704783F9223E0000004441
:10793000F4E802082DE9F0435FEA920983B00646B5
:1079400078D04FF0000800F1200401F110054F46F7
:1079500054E0B1EEE77AB4EE477AF1EE10FA40F077
:107960009A8005ED047A54ED057A14ED067A67EEF7
:10797000A77AE7EE077AF5EEC07AF1EE10FAC0F2D8
:107980008780B1EEE77AB4EE477AF1EE10FA40F074
:10799000AC8005ED037A54ED037A14ED047A67EEBA
:1079A000A77AE7EE077AF5EEC07AF1EE10FA6CDB13
:1079B000B1EEE77AB4EE477AF1EE10FA40F08A8041
:1079C00005ED027A54ED017A14ED027A67EEA77A9A
:1079D000E7EE077AF5EEC07AF1EE10FA1EDBB1EEB3
:1079E000E77AB4EE477AF1EE10FA68D1013F05ED7F
:1079F000017A04F1200405F1100517D054ED077A3F
:107A000014ED087A67EEA77AE7EE077AF5EEC07A0A
:107A1000F1EE10FA9DDA45F8108CA4E7013F45F825
:107A2000048C04F1200405F11005E7D106EB49169A
:107A300001EB091112F0030524D0002706F1080418
:107A40000CE0B1EEE77AB4EE477AF1EE10FA2DD100
:107A5000013D01ED017A04F1080413D054ED017ADF
:107A600014ED027A67EEA77A0431E7EE077AF5EEB5
:107A7000C07AF1EE10FAE4DA013D41F8047C04F139
:107A80000804EBD103B0BDE8F08345F8088C99E712
:107A900045F80C8C7FE717EE900A8DE8060003F09E
:107AA0005BFA9DE8060007EE100A5AE717EE900A07
:107AB000009103F051FA009907EE100AC8E717EE9B
:107AC000900A8DE8060003F047FA9DE8060007EEED
:107AD000100A8BE717EE900A8DE8060003F03CFAD7
:107AE0009DE8060007EE100A6AE717EE900A8DE897
:107AF000060003F031FA9DE8060007EE100A48E799
:107B0000012303700020704700487047001BB70036
:107B100030B5114D0FCD87B001AC0FC42B68236079
:107B200001A8F9F71BFC0020F9F7B0FA0020F9F7DB
:107B300099FA0420F9F7BAFA20210120F9F702FB9B
:107B40004FF40030F9F798FA0120F9F7C3FA012051
:107B5000F9F7B6FA07B030BD58FC020803691B7884
:107B6000022B01D0184670472DE9F0470546012049
:107B7000F9F75CFA002840F0C8802B7D944E012B69
:107B8000AB7D56F82340D4F8843040F2FB81C3F338
:107B900000699048EF68FEF7B7FDBB7E39690022A7
:107BA00080462046FBF7EEFC20467969FBF7A6FDF0
:107BB000D4F80421387E397B22F00302C4F8042172
:107BC000D4F804310343C4F8043189B3824BD7F8A5
:107BD00000E0DB687868D7F808C0C3F30223C3F17C
:107BE000070ABAF1060F28BF4FF0060A5FFA8EF1B6
:107BF000002B40F08D811A464FF0010C0CFA0AFC64
:107C00000CF1FF3C0CEA000049B200FA02F2002934
:107C100043EA0203C0F2AE8101F1604202F5614223
:107C20009B00DBB282F800332046797EFBF7AAFD89
:107C3000B9F1000F0DD12B7D012BAB7D56F8232020
:107C4000D2F8843094BF23F0007323F08073C2F81D
:107C500084306B7D002B40F0C180AB6803B1984746
:107C60002B7EFBB15F1EFFB20137BF004FF0000952
:107C70002B6853F80940237A617A56F8230022686A
:107C8000FBF788FD2368227A9B78616856F82220EA
:107C9000096803F00F03A03309F10409B94542F85C
:107CA0002310E5D1EA68137B6BB32B7D012B00F029
:107CB0004581032B00F03381012B40F24B81AA7DDB
:107CC000EB7D56F822006A688BB1043A002352F823
:107CD000041F0968C0F81011E97D01338B42F6D307
:107CE0002B7D012B40F23C81AB7D56F82300D0F870
:107CF000843043F08073C0F884302A69404682F8AB
:107D00000080BDE8F0872B7DD6E72B7D304EAA7D25
:107D1000012B56F822404FF000093FF63AAF2D48AC
:107D2000EF68FEF7F1FC97F82030396900228046B1
:107D30002046FBF727FC20467969FBF791FCD4F835
:107D40002421387E397B22F00302C4F82421D4F8A0
:107D500024310343C4F8243100293FF469AF1E4B9A
:107D6000D7F800E0DB687868D7F808C0C3F30223CF
:107D7000C3F1070ABAF1060F28BF4FF0060A5FFAEF
:107D80008EF1002B00F001815A1E01239340013B2C
:107D900003EA0C034FF0010C0CFA0AFC0CF1FF3C57
:107DA0000CEA000049B200FA02F2002943EA020399
:107DB000C0F21C8101F1604202F561429B00DBB21E
:107DC00082F800332046797EFBF78EFC30E700BF57
:107DD0006CFC02086493FE1F00ED00E0AA7D012701
:107DE00097403B43DFB2032427FA04F313F0010F5B
:107DF0004FF0000103D056F82400FBF7E9FB14F123
:107E0000FF34F1D26F7D032427FA04F3D80722460A
:107E10000AD556F82400A97DFBF7E2FBAB7D21468D
:107E200056F82300FBF7F0FB14F1FF34ECD23907CE
:107E300010D5AB7D01249C403C43620700F1B88023
:107E4000A30700F1AF80E00704D56C4803210022AE
:107E5000FBF7FAFB790710D5AB7D01249C403C432E
:107E6000220700F1BD80A30700F1B480E00704D52C
:107E7000634802210022FBF7E7FBB90710D5AB7D71
:107E8000012101FA03F43C43220700F186806307D5
:107E90007DD4E40704D55B4801210022FBF7D4FB25
:107EA000F80710D5AA7D012393401F43390700F13D
:107EB0008B807A0700F18280BB0704D552480021ED
:107EC0000122FBF7C1FBAB7EB3B12B7DAA7D012B59
:107ED000EB6856F8222094BF93F820309B7E012B4C
:107EE00096BF28334FF0FF3152F823104FF0402057
:107EF00000220123FBF7A0FAAB7D56F82300FBF725
:107F00007BFBAB7D032156F82300FBF761FBA4E666
:107F10005A1E01239340013B03EA0C036CE61268EE
:107F200053B2002BFFF6CBAE02F01F025B0901211A
:107F3000364801FA02F240F82320C0E6106841B248
:107F4000002907DB314A00F01F004909834042F84D
:107F50002130EA68AB7DD26956F82330C3F8282176
:107F6000AB7D56F82320D2F8843043F00073C2F87A
:107F70008430C2E6264A0EF00F0E9B007244DBB23C
:107F8000137651E6C3F34069C9E61A4602E71D4875
:107F900001210222FBF758FB7BE71A480322FBF77B
:107FA00053FB74E7154803210122FBF74DFB4AE719
:107FB000124803210222FBF747FB41E71248002148
:107FC0000222FBF741FB77E70F4800210322FBF772
:107FD0003BFB6EE70A4802210122FBF735FB45E730
:107FE000074802210322FBF72FFB3CE7084A0EF06B
:107FF0000F0E9B007244DBB21376E3E600500040A4
:10800000004C0040004800400044004000E100E017
:10801000FCEC00E002480F210422FBF7F9BB00BF93
:1080200000440040024803210522FBF7F1BB00BFDA
:1080300000480040024800210722FBF7E9BB00BFCF
:10804000004C0040024804210222FBF7E1BB00BFC4
:108050000050004008B56A48FFF752FD00B108BD66
:108060006848FFF77BFD0028F9D16748FEF780FAE2
:108070000028F4D16548FDF7F3FE0028EFD16448ED
:10808000FCF750FF0028EAD16248FEF715FB0028F4
:10809000E5D16148FFF762FD0028E0D15F48FEF7B7
:1080A00069FB0028DBD15E48FEF764FB0028D6D1CF
:1080B0005C48FFF753FD0028D1D15B48FEF7EEFB8B
:1080C0000028CCD15948FDF7BBFF0028C7D158483C
:1080D000FDF7B6FF0028C2D15648FDF7B1FF0028D2
:1080E000BDD15548FDF7ACFF0028B8D15348FEF785
:1080F000D5FB0028B3D15248FEF7D0FB0028AED103
:108100005048FEF7CBFB0028A9D14F48FDF7A8FE49
:108110000028A4D14D48FEF72BFA00289FD14C48E7
:10812000FFF71CFD00289AD14A48FFF717FD0028E9
:1081300095D14948FEF71EFB002890D14748FEF72D
:1081400019FB00288BD1464800F07CFE002886D120
:108150004448FDF785FE002881D14348FEF79EFB89
:1081600000287FF47CAF4148FEF798FB00287FF49D
:1081700076AF3F48FEF792FB00287FF470AF3D4892
:10818000FEF79AFB00287FF46AAF3B48FEF786FBB8
:1081900000287FF464AF3948FDF762FE00287FF4C1
:1081A0005EAF3748FEF7E4F900287FF458AF354852
:1081B000FEF7DEF900287FF452AF3348FEF76EFB7E
:1081C00000287FF44CAF3148FEF768FB00287FF4AD
:1081D00046AF2F48FEF7CCF900287FF440AF2D487A
:1081E000FDF73EFE00287FF43AAF2B48FEF7C0F9BA
:1081F00000287FF434AF2948BDE80840FDF730BEC1
:108200004CB4FE1F14FE020840DD02081092FE1F4F
:1082100008B4FE1F1893FE1F30FE0208D093FE1F05
:10822000E093FE1F14FD0208DCDD02083892FE1FF9
:108230006C92FE1FA092FE1FD492FE1F40DE020829
:1082400054DE02082CDE02083091FE1F3CDD0208DD
:108250004CFE020868FE02080094FE1FF093FE1F09
:108260000096FE1F9891FE1FF0DD020818DE02083E
:1082700004DE02089494FE1F68DE0208C091FE1F0F
:1082800044DD020848DD0208B4DD0208C8DD02084A
:1082900038DD02086891FE1F34DD0208E891FE1FF8
:1082A0002DE9F04F2DED088BD0F80CA087B0BAF176
:1082B000000F1BD0D0F8049009F1FF34FF2C15D823
:1082C0004388402B20D017D8102B20D0202B0DD145
:1082D000B14B03610378D0ED027A013B032B05D843
:1082E000DFE813F01D01E70072011B00002007B05A
:1082F000BDEC088BBDE8F08F802B0BD0B3F5807FF1
:10830000F4D1A64B0361E5E7A54B0361E2E7A54B7A
:108310000361DFE7A44B0361DCE7B9F1010F00F073
:10832000DC81B3EE047AC7EE877AA0489FEDA0BA4D
:1083300017EE901A02F07CFC07EE904AB8EEE7AA1E
:108340000BEE900A02F0C4FBF7EE007AC7EE8A7AD1
:10835000640807EE100A67EE877AF7EE009A17EEC8
:10836000900A02F00DFC07EE904A4FEA590319F00B
:10837000010F4FEA8902B8EEE78A03F1010308BF53
:10838000F6EE007A02930AEB020300930AEE900ADB
:108390004FF0000308BF38EE278ACDF80C90049206
:1083A000CDF814A09946CDF804A007EE909AB4EE4B
:1083B000E98AB8EEE79AF1EE10FA39EE489AC0F27F
:1083C0009281039CDFED7A8A204604F067FA79EE09
:1083D000097A824617EE905A07EE904AF8EEE77A4D
:1083E0008B4617EE908A012437E002F071FB07EE0E
:1083F000900A6AEE277A17EE900A02F0C1FB09EEA6
:10840000100A284604F06CFA5FA3D3E9002304F0B5
:10841000BBFA02460B463046394604F0B5FA06462A
:1084200040460F4604F05CFA02460B463046394699
:1084300004F0D4FB04F062FD0134FFF73BFA07EED1
:10844000904AF8EE677A07EE100AB4EEE78AF1EE8A
:1084500010FAE7EE098AC0F21681204604F01EFAEF
:1084600049A3D3E9002306460F4604F08DFA52468D
:108470005B4604F0B3FB04F041FDFFF71BFA07EE87
:10848000900A6AEEA77AB0EEE77AB4EEE97AF1EEF6
:1084900010FA17EE900AA8D802F0C8FA07EE900A70
:1084A0006AEE277A17EE900AFFF704FA09EE100A2F
:1084B000A7E7B9F1010F00F0108107EE904AF8EE3E
:1084C000E77A554617EE900A04F00AFA00240646A9
:1084D0000F46F7EE008AB6EE008A07EE904AF8EEF5
:1084E000E77A013417EE900A04F0FAF928A3D3E9E9
:1084F000002304F049FA32463B4604F06FFB04F0D7
:10850000FDFCFFF7D7F907EE900A78EEE77A4C45C5
:1085100067EE887AE5EC017ADFD10120E7E6B9F170
:10852000010F00F0DA8007EE904AF8EEE77ADFED0F
:10853000218A9FED218A17EE900A04F0D1F9554661
:1085400006460F46002407EE904AF8EEE77A01341B
:1085500017EE900A04F0C4F90DA3D3E9002304F048
:1085600013FA32463B4604F039FB04F0C7FCFFF730
:10857000A1F907EE100AF0EE487AE7EE687A4C456A
:10858000E5EC017ADFD1C8E7182D4454FB210940FE
:10859000182D4454FB21194048FC020838FC0208FD
:1085A00008FC020828FC020818FC02080000204110
:1085B000000000001F85EB3E713D0A3F2601FA3E98
:1085C00014AEB73EB4AB103EB9F1010F00F0858098
:1085D000204604F063F95FED079A1FED079A5FEDFF
:1085E000078A04460D464FF0000807EE908AF8EE21
:1085F000E77A08F1010817EE900A04F071F93EA33A
:10860000D3E9002306460F4604F0BEF922462B4666
:1086100004F0E4FA04F072FCFFF74CF938A3D3E954
:10862000002308EE100A3946304604F0ADF9224620
:108630002B4604F0D3FA04F061FCFFF73BF9F0EEAF
:10864000497AE8EE697A30A3D3E90023B0EE678A6D
:1086500007EE900A39463046A7EEA88A04F094F94E
:1086600022462B4604F0BAFA04F048FCFFF722F940
:10867000DFED1F7A07EE100AA7EE678AC845AAEC5D
:10868000018AB2D149E778EEA88A019A009B7BEE75
:10869000A88A09F10109C2ED008A63ED018A0093FD
:1086A0001346F3EC017AB4EE67BA0193029BF1EE44
:1086B00010FA48BFB0EE67BA99457FF476AEDDF8A0
:1086C00014A0049A53465244D3ED007AC7EE8B7A35
:1086D000E3EC017A9342F7D11FE74FF07E5348460F
:1086E000CAF8003003E6DFED038ACEE7AFF300807F
:1086F000795D3F3C00000000182D4454FB211940D7
:10870000182D4454FB212940D221337F7CD932409B
:1087100084B02DE9F04F2DED028B87B012AC84E8C8
:108720000F001F9EDDF854B0BDF86440BDF86870BE
:108730009DED1B8A9DF87030002504950595002E4F
:1087400054D0BBF1000F51D0012B00F09880022BC8
:108750001898214605AA50D0FFF778F817982146B7
:1087600004AAFFF773F82CB3179A9DED046ADDEDA8
:10877000056A189902EB84053346F2EC017A77EE2C
:10878000C67A584627EE887AFBEC017A67EE277A9C
:10879000AA42C3ED007AF1EC017A90ED007A77EE0F
:1087A000E67A03F1080367EE887A67EE877A43ED8D
:1087B000017AE2D1BC4238BF002207D2611C06EB2D
:1087C000C4038CB2BC421A605A60F7D11D9B13B12E
:1087D0001A46049B13601E9B13B11A46059B136037
:1087E0003146169800220123FEF786FC07B0BDEC47
:1087F000028BBDE8F04F04B07047FFF727F8002C5C
:10880000D8D018EE100A04F06BF808EE105A189D34
:10881000DDED058A039705EB8403B2461F960193AD
:10882000029406460F46F5EC017A5BF8044B77EEAE
:10883000E87A0AF1080A17EE900A04F051F80246A5
:108840000B4603F0EFFE32463B4604F09DF88046AF
:108850002046894604F044F80B4602464946404605
:1088600004F092F804F04AFB019B0AED018A9D4254
:108870004AF8080CD7D1029C039F1F9E9AE71798CD
:10888000214604AAFEF7E2FF002C93D018EE100A4E
:1088900004F026F808EE105A179DDDED048A0397C0
:1088A00005EB8403B2461F960193029406460F46D9
:1088B000F5EC017A5BF8044B77EEE87A0AF1080AE6
:1088C00017EE900A04F00CF802460B4603F0AAFEDD
:1088D00032463B4604F058F880462046894603F06D
:1088E000FFFF0B4602464946404604F04DF804F0AF
:1088F00005FB019B0AED018A9D424AF8080CD7D17D
:10890000B9E700BF0B4611461A46FFF713B800BF80
:108910002DE9F0478318B3F5804F84B0054614461F
:108920001CD8DAB1013B5B09470901330137BB426F
:10893000894600F0E680D0EB471713D10126DFF817
:1089400038821F2C52D8631E1E2B40F29780002EB7
:108950000CBF0120042004B0BDE8F087042004B05F
:10896000BDE8F087DFF810A28DF80D000222002389
:108970008DE80C00C5F30526A0225046012103AB6B
:108980008DF80C6000F068FADAF80820064692F8D4
:108990002630002BFBD1002ED1D10123314601938B
:1089A000A022009774484B4600F056FADAF80820E7
:1089B000064692F82630002BFBD17048FDF724FBC9
:1089C0006E486F493D44FDF7B3FA6C48ADB2E41B05
:1089D000FDF78CFA6948FDF70BFB0028FAD06748D1
:1089E000FDF794FA6548FDF71BFBA8E70222002378
:1089F0008DE80C00C5F30526A0225F488DF80C60B9
:108A0000012103AB8DF80D5000F026FAD8F80820AC
:108A1000064692F82630002BFBD1002E91D1202261
:108A200001238DE80C003146A022534809EB0703CF
:108A300000F012FAD8F80820064692F82630002BEB
:108A4000FBD14E48FDF7E0FA4C484D492035FDF783
:108A50006FFA4A48ADB2203C2037FDF747FA474845
:108A6000FDF7C6FA0028FAD04448FDF74FFA43480C
:108A7000FDF7D6FA002C7FF464AF68E7DFF8F8A0C2
:108A80008DF80D50022200238DE80C00C5F3052659
:108A9000A0225046012103AB8DF80C6000F0DCF9F8
:108AA000D8F80820064692F82630002BFBD1002E7D
:108AB0007FF447AF0122314601920094A02209EBD6
:108AC00007032D4800F0C8F9DAF80820064692F8A6
:108AD0002630002BFBD12948FDF796FA2748284974
:108AE000FDF726FA2548FDF701FA2448FDF780FA3C
:108AF0000028FAD02148FDF709FA2048FDF790FA3E
:108B000025E7DFF874A08DF80D00022200238DE820
:108B10000C00C0F30525A0225046012103AB8DF8BF
:108B20000C5000F099F9DAF80820064692F8263041
:108B3000002BFBD17EB11148FDF766FA0F481049B2
:108B4000FDF7F6F90D48FDF7D1F90C48FDF750FA9D
:108B50000028FAD0CEE70122314601920094A022EB
:108B60004B46054800F078F9DAF80820064692F8F6
:108B70002630002BFBD1DEE70096FE1F9891FE1FEA
:108B8000C02709002DE9F0478318B3F5804F86B060
:108B90008146144619D8C2B1013B5B09450901332E
:108BA0000135AB42884600F09B80D0EB451539D1AA
:108BB0000120614E02271F2C62D8631E1E2B08D98C
:108BC00018B9012006B0BDE8F087032006B0BDE863
:108BD000F087DFF864A1009700230193C9F3052E05
:108BE000A0225046012105AB8DF815908DF814E0B8
:108BF00000F032F9B26892F82630002BFBD1002841
:108C0000D9D10121A022009408EB05030191029122
:108C1000494800F027FADAF8082092F82730002BAC
:108C2000FBD1CDE7DFF810A18DF81500022200235B
:108C30008DE80C005046A022C9F30526012105ABA2
:108C40008DF8146000F008F9DAF8082092F8263060
:108C5000002BFBD10028ACD10121A022009501916D
:108C600002913548434600F0FDF9DAF8082092F801
:108C70002730002BFBD1A9441FFA89F9641B98E720
:108C800000230193C9F3052EA02200972A488DF8EE
:108C90001590012105AB8DF814E000F0DDF8B26805
:108CA00092F82630002BFBD1002884D1012120230B
:108CB0000093A022019102911F4808EB050300F0E8
:108CC000D1F9B26892F82730002BFBD109F12009C5
:108CD000203C1FFA89F905F120057FF46CAF6FE79E
:108CE000DFF854A08DF81500022200238DE80C0057
:108CF000C0F30529A0225046012105AB8DF8149040
:108D000000F0AAF8DAF8082092F82630002BFBD100
:108D100000287FF45AAF0121A0220094434601911C
:108D20000291054800F09EF9DAF8082092F8273001
:108D3000002BFBD144E700BF0096FE1F38B5044668
:108D40000D460E48FDF760F9012D08BF0C4B0B488E
:108D500008BF5C432146FDF7EBF80848FDF7C6F86D
:108D60000648FDF745F90028FAD00448FDF7CEF88B
:108D70000248BDE83840FDF753B900BF9891FE1F87
:108D8000A0860100034B197C1A684FF480338B4096
:108D9000536070472CDE0208034B197C1A680123CC
:108DA0008B405360704700BF2CDE0208034B197CD8
:108DB0001A684FF480338B405360704754DE0208CA
:108DC000034B197C1A6801238B405360704700BF26
:108DD00054DE0208034B197C1A684FF480338B4031
:108DE0005360704740DE0208034B197C1A68012368
:108DF0008B405360704700BF40DE0208034B197C74
:108E00001A684FF001138B405360704740DE020830
:108E1000704700BFFCF7E8B838B50C460546FCF7CC
:108E200039F9A04228BF204684B21CB12846214609
:108E3000FCF70CF9204638BD0148FBF7F9BE00BF2E
:108E4000680BFF1F28B108B543685B68984700208E
:108E500008BD0120704700BF2DE9F0470546406876
:108E6000089F90F824409DF82480012C02D802200D
:108E7000BDE8F087994621B9AB6893F82830002BFC
:108E80004CD0B9F1000F49D0002F47D000294AD06B
:108E9000A96891F8283003F0FF04002B00F08980C6
:108EA0000246286892F82630002B42D00024D0F8E1
:108EB0001431DA0411D4A74233D909EB040601E0D6
:108EC000A7422ED916F8011BF9F750F82868D0F8F8
:108ED0001431D90404F10104F2D5A7420246E6D8C0
:108EE000D0F814311B05FBD5B8F1000F40F0948089
:108EF0004046BDE8F087900603D5D96C41F02001CB
:108F0000D964510603D5D96C41F04001D96412F4FB
:108F1000817F03D0DA6C42F48072DA640120BDE80C
:108F2000F0870246DCE790F82630002B3FD0286817
:108F3000BCE70246484E494C4F44B246104619F829
:108F4000011BF9F713F82A683460936C9B050AD566
:108F50000DE0936C13F4B17F13D13368013B3360A0
:108F6000936C980503D4DAF80030002BF1D1336804
:108F7000002B4ED0D36CB94543F40073D364DDD1DC
:108F8000B2E79D0603D5D16C41F02001D1645C06A7
:108F900003D5D16C41F04001D16413F4817FBDD081
:108FA000D36C43F48073D3640120BDE8F0872A6852
:108FB000C0E791F8283003F0FF06002B3BD128686A
:108FC000012381F82830C36C43F0040391B2C364D9
:108FD0003246F8F785FF204E214A2B6832609A6CA2
:108FE000940514D4326892B19A6C12F4B17F82D194
:108FF000314606E00A6852B19A6C12F4B17F7FF4F0
:109000007AAF3268013A32609A6C9205F2D53268D2
:10901000DAB90420BDE8F087AB684FF0000883F8A8
:109020002880D36C43F010031046D364F8F788FF10
:109030004046BDE8F0872868C36C43F0080391B24E
:10904000C3642246F8F764FFC5E7D96C6A6841F447
:109050000071D964184625E750B4FE1FFFFF2F00AA
:10906000FFFF1F002DE9F84F044640680A9D90F865
:1090700025E09DF82C609DF83080BEF1010F02D8EC
:109080000220BDE8F88F1F4619B9A36893F828306D
:1090900083B37FB375B3002943D190F82630002BFA
:1090A00000F08A8022684FF00009CA46B8F1000F2C
:1090B00007D027E0554579D9F8F76AFF22680AF109
:1090C000010AD2F8143113F4805F1046F2D0CA4579
:1090D00068D907EB090BD2F814311B07FBD41046F3
:1090E000F8F782FF09F10109D1450BF8010B59D2BC
:1090F0002268F0E70120BDE8F88F1046F8F75EFF20
:10910000AA462268D2F8143113F4805F1046DED1EB
:1091100055454BD90AF1010A5545EED0F8F738FF0D
:10912000EFE7A36893F82810002955D120684FF085
:10913000010E83F828E0C36C43F0040391B2C364CA
:109140007246F8F7CDFE2268936C9805FCD56168ED
:10915000D36C91F8261043F40073D3640029A2D194
:109160001046013F4FF0000909F101094D453DD07E
:10917000F8F70EFF206802E0836C5A0402D4836C77
:109180001904F9D5C36C43F40043C364C36C43F4BE
:109190008043C364F8F728FFA94507F8010F07D0FB
:1091A0002068E1E7554503D922687FE7CA4590D892
:1091B00026B93046BDE8F88F2068D2E7A36820685A
:1091C000002683F82860C36C43F01003C364F8F7EB
:1091D000B7FE3046BDE8F88F2068C36C43F0080343
:1091E00091B2C3640122F8F793FEACE7B8F1000F27
:1091F000BED0F8F7E3FEBDE710B5064C05212046CA
:109200000022F8F70BFE204604210022BDE81040A2
:10921000F8F704BE0082024810B5064C052120462E
:10922000D022F8F7FBFD20460421D022BDE81040F3
:10923000F8F7F4BD0082024838B5194C19491A4DA7
:109240002046F8F70FFEE369184A23F0070343F0BE
:109250000103E361236A23F007032362E36943F018
:109260002003E361E36943F04003E361236A43F0D1
:1092700020032362236A43F040032362236C23F01C
:109280000F0343F00403284623640521F7F772FE19
:1092900028460421064ABDE83840F7F76BBE00BFF8
:1092A000000203402CFF020800820248E8FE020888
:1092B000F4FE0208036893F84C2010B5044632BB54
:1092C00093F85C20D2B993F86C2072B993F87C20A3
:1092D00002B910BDD3F88820D3F88000127893F833
:1092E0008410BDE81040F8F799BD9A6F186F93F895
:1092F00074101278F8F792FD2368E7E79A6E186EFB
:1093000093F864101278F8F789FD2368DBE79A6D0B
:10931000186D93F854101278F8F780FD2368CFE7A2
:109320002DE9F84FD0F814B0056BD0F83480ABF5C8
:109330007A73B3F57A6F00F20E812B1F062B00F2C1
:109340000A814FF47A7303FB05F3A3F5F073984594
:1093500000F2018104469E48E16A626A9D4BE7691A
:109360000078B3FBFBF60A4403FB02F3B3FBFBF309
:1093700007FB03F7002800F04F819748DFF8689259
:109380000168D9F800308A6C91F854E092F804C072
:109390009A6C096D92F804A01A6D1CF0010F0CBFB5
:1093A0004FF4803C4FF0010C0CFA0EFEC1F804E0C3
:1093B00093F854101AF0010F0CBF4FF480330123BF
:1093C0008B405360FFF776FF4846FFF773FFF7F7D0
:1093D000F5FB022800F0E980E26BE36AD4F820E0B4
:1093E000DFF82C92500000F59C4103FB06FC203175
:1093F000CCEB0101394401238E45C9F8003040F21D
:10940000AF8002F59C432033DFF80892CCEB0303D6
:10941000C9F8003038447045704BC0F0AB80002272
:109420001A606F4B6F4A1F7C107C19681268012309
:1094300003FA00F0BB4050604B606B48FCF7C8FF7C
:109440006548FCF7C5FF6948FCF7C2FF6848FCF7B0
:10945000BFFF6848FCF75AFD6648FCF7E1FD664827
:10946000FCF754FD6448FCF7DBFD42F2107303FB8C
:1094700005F75946B7FBF6F25B481346FCF7BAFF0F
:10948000544A5548B2FBF5FAA7F57A635146B3FB47
:10949000F5F340F6B832B2FBF5F2FCF7F7FF08EB54
:1094A0008808A7F596535146A3EB48034FF47A6218
:1094B000B3FBF5F3B2FBF5F24C48FCF7E7FF07EE20
:1094C000905AF8EEE77A17EE900A03F009FA3CA3F7
:1094D000D3E9002303F0A6F802460B463AA1D1E9EE
:1094E000000103F07BFB03F0E9FC4FF4FA72014644
:1094F00013463F48FCF77EFF404B3E481B689E42A8
:1095000023BFF61A642171434FF4FA61FCF710FD92
:10951000D9F80020002A3CDD642101FB02F1364825
:10952000FCF706FDD0B9364B1B6833B1642101FB53
:1095300003F13448FCF7FCFC88B92748FCF72EFF00
:109540002A48FCF72BFF2A48FCF728FF2E4B002067
:109550001860BDE8F88F0120BDE8F88FFEE7FEE750
:10956000DFF8B090384400237045C9F800301B4B39
:10957000BFF455AF1B68002B3FF453AF234B244A75
:10958000187C19684FF48033834001204B601060D1
:1095900053E7C8D0E36B18489B1A642101FB03F121
:1095A000FCF7C6FC0028BED0FEE7DFF86890E06B51
:1095B000D4F820E00023C9F8003040002AE700BFBB
:1095C0009A9999999999D93F0000000080842E4179
:1095D0001096FE1F40420F006C92FE1F94B4FE1FB7
:1095E000C8DD0208B4DD02083892FE1FA092FE1FFB
:1095F000D492FE1FC091FE1F6891FE1F1496FE1F9D
:1096000090B4FE1F3091FE1F8CB4FE1FDCDD0208FB
:109610001896FE1F0C96FE1FDFF81C91D9F800303B
:1096200093F84C20002A3FD193F85C20002A7AD18D
:1096300093F86C20002A6DD193F87C20002A61D128
:10964000DFF8F8A0DAF8003093F84C20002A50D167
:1096500093F85C20002A43D193F86C20002A36D17D
:1096600093F87C204ABB996CD9F8002091F80490BB
:1096700093F854C0916CD3F850E00879116D19F04B
:10968000010F0CBF01234FF4803303FA0CF3CEF823
:10969000043092F8542010F0010F0CBF01234FF456
:1096A000803393404B6092E6186D93F854108022FB
:1096B000F8F7B4FBD9F80030B6E7D3F8800093F898
:1096C00084108022F8F7AAFBDAF80030CBE7186F95
:1096D00093F874108022F8F7A1FBDAF80030BFE7A6
:1096E000186E93F864108022F8F798FBDAF80030CF
:1096F000B2E7186D93F854108022F8F78FFBDAF870
:109700000030A5E7D3F8800093F884108022F8F7A2
:1097100085FB95E7186F93F874108022F8F77EFBAD
:10972000D9F8003088E7186E93F864108022F8F7B3
:1097300075FBD9F800307BE76C92FE1F3892FE1F54
:1097400038B5114A114B1568117B04460022286870
:109750001A605A60F8F70CF90D4B1A68197B1068FB
:10976000F8F706F90B4B1A68197B1068F8F700F93F
:10977000094B1A68197B1068F8F7FAF82046BDE81B
:109780003840FFF7CDBD00BFD093FE1FF4DBFE1FB6
:10979000E093FE1FF093FE1F0094FE1F124B1B6808
:1097A00083B1124B1B6830B46BB9114A114B107C5A
:1097B0001C7C11681A68012303FA00F0A34030BC36
:1097C0004860536070470B4A094B147C1D7C11683C
:1097D0001A6809484FF4803303FA04F4AB404C6034
:1097E000536030BCFCF782BB88B4FE1F1896FE1F86
:1097F000DCDD020868DE0208C091FE1F0B4B1B680F
:1098000010B55BB10A4A0B4B107C1C7C11681A68BE
:10981000012303FA00F0A340486053600648FCF7B8
:1098200075FB0548BDE81040FCF7FABB88B4FE1F85
:10983000DCDD020868DE0208C091FE1F10B510488A
:10984000FCF764FB0E48FCF7EBFB0E4B1B681BB1EF
:109850000D4A126893420CDB0C4A0D4B107C1C7CA9
:1098600011681A68012303FA00F0A34048605360AE
:1098700010BD0848FCF73AFB074A084BEEE700BF6B
:109880006891FE1F90B4FE1F0C96FE1FB4DD020807
:10989000C8DD02083091FE1FDCDD020868DE020828
:1098A0000148FCF795BD00BF3892FE1F38B505464C
:1098B000FCF72CFB04462846FCF7B2FB2043C0B261
:1098C00038BD00BFFCF712BB2DE9F04F364B374CCB
:1098D00019681A7BD1F8008035492160582404FBAF
:1098E00002F2344F344E354BDFF8E0A0DFF8E0C031
:1098F000334DC7F800A0C6F800C01D6048F802103C
:10990000304BDFF8D0E01968DFF8CC901B7B0E6895
:10991000D9F80070DEF800103F68D1F800B02A498D
:1099200004FB03F3424446F803A099F80C90B0F806
:1099300002A0C06904FB09F9334447F809C09EF846
:109940000C80DFF898C0DFF898E004FB08F4B94415
:109950004BF8045002F11807916001F51D629A60FE
:1099600003F1180601F59D53C9F8083050440BEB7C
:10997000040809F1180A01F5EB54DFF868B0DFF8C4
:109980006890CEF800201034C8F80840CCF80040A9
:109990007860CBF800307060CAF80400C9F8001095
:1099A000C8F81C00BDE8F08FD093FE1FDCDBFE1F63
:1099B0003C470040E0DBFE1FE4DBFE1FE8DBFE1F50
:1099C00010530040E093FE1F98B4FE1F0C4B004064
:1099D000004F00400094FE1FF093FE1F80B4FE1F56
:1099E000F0DBFE1FD8DBFE1FECDBFE1F2DE9F04F86
:1099F0002C4F2D4E3A682D4B1068397B2C4D2D4C39
:109A000081B04FF0000883F80080F7F7B1FF3368AA
:109A1000317B1868F7F7ACFF2B68297B1868F7F7DC
:109A2000A7FF2368217B1868F7F7A2FFF6F764FD0C
:109A3000FFF74AFF2048FCF7B1FC3068296822682C
:109A40001E4BD7F800B094F80CC097F80CE096F8CD
:109A50000C9095F80CA0DBF800700568184E0868AB
:109A600011681A6840F2011303FA0EFE03FA09F9AD
:109A700003FA0AF403FA0CF34FF0010CC7F8A0E361
:109A8000C6F800C0C5F8A093C0F8A043C1F8A03341
:109A900022B1404601B0BDE8F04F104701B0BDE82B
:109AA000F08F00BFD093FE1FE093FE1F84B4FE1F13
:109AB000F093FE1F0094FE1F3892FE1FF4DBFE1F82
:109AC00088B4FE1F830700D470472DE9F04F87B09C
:109AD000F7F774F80228814600F0BB80AF4BB0481E
:109AE00000221A60FCF712FAAD48FCF799FAAD4B68
:109AF0001B6863B1AC4AAD4B107C1C7C11681A68C2
:109B00004FF4803303FA00F0A34048605360A84B41
:109B10001B68002B40F08F80DFF8C492A548A64E4A
:109B2000A64DA74CDFF8B482A64FFCF751FCD9F83C
:109B3000003099F80C101868F7F71AFF3368317B7A
:109B40001868F7F715FF2B68297B1868F7F710FFDF
:109B50002368217B1868F7F70BFFD9F8003099F8D4
:109B60000C101868F8F782F83368317B1868F8F73A
:109B70007DF82B68297B1868F8F778F82368217B33
:109B80001868F8F773F8F6F7B7FC0021D8F800303A
:109B900001930A460446F6F759FE0121029000227D
:109BA0002046F6F753FE0221814600222046F6F7B2
:109BB0004DFE0321834600222046F6F747FE6688C5
:109BC000E569DDF808C0760082463246604607EB5C
:109BD000450103F0C5FC05F59D61324607EB4101E7
:109BE000484603F0BDFC05F51D61324607EB410117
:109BF000584603F0B5FC05F6B861324607EB410163
:109C0000504603F0ADFCD8F80030019A626301338E
:109C1000C8F800306C4B6D491A786D4B0120086014
:109C20005B682AB923B1002007B0BDE8F04F1847A0
:109C300007B0BDE8F08F674A674B107C1C7C116849
:109C40001A684FF4803303FA00F0A3404860536071
:109C500062E7DFF88C81584FD8F8003098F80C1084
:109C60001868564E564DDFF85CB1F7F781FE3B6839
:109C7000397B1868F7F77CFE3368317B1868F7F793
:109C800077FE2B68297B1868F7F772FED8F800304A
:109C900098F80C101868F7F7E9FF3B68397B1868EB
:109CA000F7F7E4FF3368317B1868F7F7DFFF2B68BD
:109CB000297B1868F7F7DAFFF6F71EFC474B0021FF
:109CC0001B6801930A460446F6F7C0FD0121059082
:109CD00000222046F6F7BAFD4946049000222046AD
:109CE000F6F7B4FD0321029000222046F6F7AEFD00
:109CF000B4F802A0DDF814C0D4F81C9003904FEA29
:109D00004A0A604652460BEB490103F029FC049BCA
:109D100009F59D61184652460BEB410103F020FC0A
:109D200009F51D6152460BEB4101029803F018FC46
:109D300009F6B86152460BEB4101039803F010FCA1
:109D4000019B63632046FFF7BFFDD8F800403968E8
:109D500032682B6897F80CC0307B95F80CE098F8C7
:109D60000C8026680C6811681A6840F2011303FA27
:109D700008F703FA0CF503FA00F003FA0EF3C6F83D
:109D8000A073C4F8A053C1F8A003C2F8A033134BCA
:109D9000124A1B68013313603CE700BF88B4FE1F02
:109DA000C091FE1F94B4FE1F68DE0208DCDD0208CD
:109DB0000C96FE1F3892FE1FE093FE1FF093FE1FCD
:109DC0000094FE1F98B4FE1F84B4FE1F6C97FE1F04
:109DD000F4DBFE1FB4DD0208C8DD02088CB4FE1FF0
:109DE000D093FE1F2DE9F04F2F48304F304E314DAC
:109DF000314C81B0FCF78AF82B48FCF711F93A682E
:109E00002E4B1068397B4FF0000883F80080F7F77D
:109E1000AFFD3368317B1868F7F7AAFD2B68297B03
:109E20001868F7F7A5FD2368217B1868F7F7A0FDF0
:109E3000F6F762FBFFF748FD2148FCF7AFFA306800
:109E4000296822681F4BD7F800B094F80CC097F827
:109E50000CE096F80C9095F80CA0DBF80070056803
:109E6000194E086811681A6840F2011303FA0EFED1
:109E700003FA09F903FA0AF403FA0CF34FF0010CA0
:109E8000C7F8A0E3C6F800C0C5F8A093C0F8A04387
:109E9000C1F8A03322B1404601B0BDE8F04F1047F1
:109EA00001B0BDE8F08F00BF3091FE1FD093FE1FC0
:109EB000E093FE1FF093FE1F0094FE1F84B4FE1F6C
:109EC0003892FE1FF4DBFE1F88B4FE1F2DE9F04F11
:109ED00083B0F6F773FE022800F0BF806F4C236852
:109EE000002B00F3A2806E4A1268002A78D1002B62
:109EF00040F0AF806B4A6C4B107C1C7C11681A6878
:109F0000012303FA00F0A34048605360674A684B9E
:109F100092F810E093F810C01B68116801934FF499
:109F2000803303FA0EF24A60019A624F6248634E30
:109F3000634D644C03FA0CF35360FBF7D7FF3A68A8
:109F4000614B1068397B4FF0000883F80080F7F709
:109F50000FFD3368317B1868F7F70AFD2B68297B02
:109F60001868F7F705FD2368217B1868F7F700FDEF
:109F7000F6F7C2FAFFF7A8FC5448FCF70FFA30686E
:109F800029682268524BD7F800B094F80CC097F8B3
:109F90000CE096F80C9095F80CA0DBF800700568C2
:109FA0004C4E086811681A6840F2011303FA0EFE5D
:109FB00003FA09F903FA0AF403FA0CF34FF0010C5F
:109FC000C7F8A0E3C6F800C0C5F8A093C0F8A04346
:109FD000C1F8A03332B3404603B0BDE8F04F10479C
:109FE0003D4A1268002A82D03C48FBF77FFF2F4A87
:109FF0002F4B157C187C216814681A68012303FA1A
:10A0000005F503FA00F000296560506044DB25493E
:10A01000254A087C147C0968126803FA00F0A34002
:10A020004860536003B0BDE8F08F1E4A1E4B147C9D
:10A030001D7C11681A682A48012303FA04F4AB4016
:10A040004C6053604C60536003B0BDE8F04FFBF7C9
:10A050004DBF2348FBF74AFF58E71349134A144BF7
:10A0600010480E7C077C157C93F810E00C680068A3
:10A0700011681A68012303FA07F703FA06F603FAD0
:10A0800005F503FA0EF3476066604D60536003B058
:10A09000BDE8F04FFFF7AABC1148D5E70C96FE1FAC
:10A0A00094B4FE1FB4DD0208C8DD0208DCDD02083E
:10A0B00068DE0208D093FE1FC091FE1FE093FE1FD2
:10A0C000F093FE1F0094FE1F84B4FE1F3892FE1F03
:10A0D000F4DBFE1F88B4FE1F90B4FE1F3091FE1FFC
:10A0E0006891FE1F014B00221A6070478CB4FE1F5E
:10A0F00039B1012807D0022803D1054B002059604F
:10A10000704701207047024B00201960704700BF64
:10A11000F4DBFE1F08B5642101FB00F10348FBF7E7
:10A1200007FFB0FA80F0400908BD00BF1092FE1F83
:10A13000C36A416A064A10B4C46940690B4402FB11
:10A1400003F3B3FBF0F004FB00F05DF8044B704741
:10A1500040420F00024A034B10601960704700BF75
:10A1600094B4FE1F90B4FE1F38B50546FAF7A6FF5B
:10A1700058B955B1044601E0AC4206D0FAF726FFC3
:10A1800001340028F8D0002038BD012038BD00BFC0
:10A19000024A136801331360704700BF38DCFE1FAA
:10A1A000704700BF024A13680133136000F0E0BB40
:10A1B0002CDCFE1F2DE9F04F40F6FF709DB0FFF73D
:10A1C000D3FF10B9344B01221A70344D344E286835
:10A1D000DFF8F080DFF8F0C0DFF8F0E0314F324A0E
:10A1E000324BDFF8ECB0DFF8ECA0DFF8EC90109029
:10A1F000002415901A9006900B9034602046294652
:10A200000124CDF83480CDF80C80ADF83840ADF89D
:10A210004C40ADF86040ADF81040ADF82440CDF8AA
:10A220003CC0CDF814C0CDF844E0CDF81CE0CDF82A
:10A2300048B0CDF850A0CDF85890179708971992CC
:10A240000A921B930C93F6F779FBC0B1282203A95D
:10A250000224174803F084F9164B00932146164B4D
:10A2600013480022FAF7D4F8336813B91DB0BDE8DB
:10A27000F08F2868F6F752FC0028F7D0FEE720465A
:10A280000E493460F6F75AFC0D490220F6F756FCE9
:10A2900003243C220DA9DCE7FCDBFE1F34DCFE1F9F
:10A2A0003CDCFE1F53564544113A0208353A020879
:10A2B000D80EFF1FA1A102088096980091A1020864
:10A2C000A5A1020841424A54013B0208853C02080C
:10A2D00055504A54813F0208A1430208014B1860BF
:10A2E000704700BF30DCFE1F5B4B1B7823B9DFEDEE
:10A2F0005B7A17EE900A704710B50446F5F780FEBA
:10A30000012863D0D4ED053AD4ED096A94ED087ABA
:10A310009FED533ADFED537AE36BD4ED0B5AD4ED56
:10A320000C4A9FED512ADFED512AF8EE666AF8EEED
:10A33000633AB8EE477A86EEA34A87EE035AB8EE40
:10A34000656A34EE454A76EE265AB0EEC44AB4EE5B
:10A35000E74AF1EE10FA5CBF07EE903AF8EE677A42
:10A36000B7EE006A58BFC7EE837A36EEC66AF8EEDB
:10A37000644AC6EE236AC4EE834A48BFDFED377AEB
:10A380009FED3B7A9FED3B3A9FED3B4AE5EE827AAB
:10A3900076EE876A65EEA45AC7EE857A36EEA27A23
:10A3A000C5EE855AB4EE475AF1EE10FA48BFB0EE4A
:10A3B000457A87EE057AF7EE086A67EEA67AE5EE4B
:10A3C000837AE7EE047A17EE900A10BDD4ED0B5AAB
:10A3D00094ED096A226BD4ED057ADFED214A94ED04
:10A3E0000F5A236ADFED233A9FED234AF8EE655AB0
:10A3F000B8EE466AF7EE006A35EE866AF8EE677ADE
:10A4000036EE667A06EE902AF8EE665A87EE277ADE
:10A41000C5EEA45AF8EE457A06EE903A87EEA45AB5
:10A42000F8EE666A77EE257AC6EEA46A77EE857A4C
:10A4300026EE256AC7EEA67A86EE266AC6EEA66ADC
:10A44000B7EE087A67EE877AE6EE237AE6EE847A4C
:10A4500017EE900A10BD00BF1096FE1F000000000E
:10A46000002474496F12833AACC5A7376F12033BBF
:10A470000AD7A33C000034421F85AB3E08B5FEF767
:10A48000BDFC0248BDE80840FFF71CBAE891FE1F7A
:10A490000249034A00230B601360704728DCFE1F4B
:10A4A00020DCFE1FF8B5437A002B38D1037A002B4D
:10A4B0003ED1837ACBB9FEF797FCFEF781FCFEF71D
:10A4C0006BFC2049204A214B0D7C107C1E7C0C68C3
:10A4D00011681A684FF4803303FA05F503FA00F0A7
:10A4E000B340656048605360F8BDFEF77DFCFEF741
:10A4F0005DFCFEF751FC1349134A144B0F7C157C8D
:10A500001E7C08681468196801224FF4803303FA2E
:10A5100005F5BA40B340426065604B60F8BDFEF798
:10A5200059FCFEF74DFCFEF737FC0749054AE4E706
:10A53000FEF75AFCFEF744FCFEF724FC0349014AEF
:10A54000014BDBE7F0DD020804DE020818DE02083A
:10A550002DE9F0415A4C2378012B00F0908040F611
:10A56000FF70FFF701FE08B901232370554B1A68ED
:10A57000002A53D1544D2B68CBB9544C2368002B7F
:10A580003FD1534B534C1B6843B12378013B042B01
:10A590000BD8DFE803F04B4F693B66002378042BB0
:10A5A00034D0052B6ED0012B30D0BDE8F0814A4C61
:10A5B0002368002B37D0F5F79FFF0746F5F72CFDF2
:10A5C0008046F5F79FFD064631463846F6F7A6FB6E
:10A5D0003246424B26683D4C41463846B0473F48DC
:10A5E000F5F714FD3D48F6F7ABFBF6F767FB3B4884
:10A5F000FFF758FF23680133236000222A60002BF5
:10A60000BFD000F0B7F900232360BAE7F6F730FBBC
:10A61000002830DB01232370BDE8F08100221A609E
:10A6200000F0A6F9A6E7294C2368E6E70323237088
:10A63000BDE8F081F5F762FD294E05460146306818
:10A64000F6F78AFA68B3F5F783FD01232370F5F76F
:10A65000CDFF3068296AF6F7D3F904232370BDE8EB
:10A66000F081F9F7CBF9D5E7F5F7C6FFE0B10223A2
:10A670002370BDE8F08105232370BDE8F081F9F770
:10A68000EDFE73E7174D2E68002EE6D1164F3B689E
:10A690000133642B3B600CD014200121FEF74EFBEC
:10A6A000DBE7F5F741FDD0E7F5F730FD0028DED117
:10A6B000D3E7F9F7A3F901233E602B60ECE700BF75
:10A6C000FCDBFE1F38DCFE1F2CDCFE1F24DCFE1F23
:10A6D0003CDCFE1F2896FE1F30DCFE1F00DCFE1F48
:10A6E00034DCFE1F20DCFE1F28DCFE1F84B02DE9B9
:10A6F000F04E2DED028B8EB018AC84E80F00BDF843
:10A700007C3003930DAD18AB0FCB4A4CDFF83CB156
:10A7100008954FF07E5E1D9DCDF814E003270CAE2A
:10A720004FF0000E4FF000094FF4807A069707961D
:10A73000219F1E9E0195CDF824B01C9DCDF828E0E8
:10A7400002960095CDF810A0CDF82C90229EFDF732
:10A75000DFFF514622465846FEF7D4F897ED058AAA
:10A76000DFED357AC4F80090B8EE488AC4F800925C
:10A77000C7EE887A17EE900A00F0FEF8DFED2F7A28
:10A78000C7EE887A07EE100ABCEEC77A17EE900A79
:10A7900017EE105A00F0F0F807EE900AFCEEE77A98
:10A7A00004EB850017EE901A01310BAA0AAB491B86
:10A7B000FCF7E4FF0A98D7ED058A9FED218A9FED0B
:10A7C000217A284407EE900AFBEECC8AF8EE677AED
:10A7D0000A9067EEA88A28EE888AB4EEC78AF1EE5E
:10A7E00010FA18D406DBDFED187AB4EEE78AF1EE42
:10A7F00010FA17D9FEF7EEFAFEF7D8FAFEF7CCFA00
:10A80000C6ED048A86ED008A0EB0BDEC028BBDE871
:10A81000F04E04B07047FEF7E7FAFEF7C7FAFEF70E
:10A82000BBFAEDE7FEF7E0FAFEF7CAFAFEF7AAFA7E
:10A83000E6E700BF40E0FE1FCDCCCC4100008043E6
:10A8400000007042000048430000FA4340ECFE1F45
:10A850002DE9F04FDFF8D0A04588314C0646DAF8F4
:10A8600000008BB08542099191461F4607D02046D3
:10A870006560FDF715FD002851D0CAF80050DFF8DB
:10A88000ACB0DFF8ACA000214FF48062584602F073
:10A8900072FE00214FF48062504602F06CFE0021EF
:10A8A0000A463046F5F7D2FF0121804600223046A5
:10A8B000F5F7CCFFF5B1DFED1B6A821EA8F10201AE
:10A8C0005B4650460BEB850E31F802CF07EE10CAFF
:10A8D00032F802CFB8EE477A07EE90CA27EE267A12
:10A8E000F8EE677AA3EC017A67EEA67A7345E0EC9E
:10A8F000017AE9D12369099A0492009394E80F0040
:10A90000CDF804B0CDF808A00395CDF814900697C3
:10A91000FFF7ECFE736BFB610BB0BDE8F08FFEE759
:10A920002C96FE1F6740D33B40F8FE1F40DCFE1F05
:10A9300040F4FE1F08B5FDF78DFB00B1FEE7FAF706
:10A94000BDFB50B90748FBF7D1FA0748FFF7C6FC33
:10A95000FFF730FCFFF7FCFDFCE70448FAF75EFB6D
:10A96000FEE700BF140FFF1F51A8020834FF0208C2
:10A97000704700BF704700BF10B483B00190019AC8
:10A9800022F00041CB0D7F3B162B1EDC002B144622
:10A990002DDB2448184110421AD0DFED237A9DEDBB
:10A9A000017A77EE277AF5EEC07AF1EE10FA32DD11
:10A9B000002A04DD4FF4000242FA03F31C4424EAA7
:10A9C000000003B05DF8044B7047B1F1FF4F04D2B3
:10A9D000019803B05DF8044B7047DDED017A77EE26
:10A9E000A77A17EE900A03B05DF8044B7047DFEDCD
:10A9F0000E7A07EE100A77EE277AF5EEC07AF1EEBE
:10AA000010FAE5DD002A09DB0029F7EE007A18BF0D
:10AA100017EE900ADDE717EE100ADAE74FF0004074
:10AA2000D7E700BFFFFF7F00CAF2497170B5254D1F
:10AA30008AB0064600F0E8FA95F900300133044682
:10AA400003D0304601F024FC10B920460AB070BD96
:10AA5000304601F011FC07EE100AF7EE007AB4EE72
:10AA6000E77AF1EE10FAF0DD0123174A0093304641
:10AA700000230192089301F033FF02460B4613486E
:10AA8000CDE90423CDE9022301F020FA95F9003045
:10AA9000022BCDE906010BD0684601F015FA38B15A
:10AAA000089B53B9DDE9060102F028FA0AB070BD2F
:10AAB00002F040FD21230360F2E702F03BFD089B1A
:10AAC0000360EFE74096FE1F50FF02084CFF0208AC
:10AAD000F0B52DED028B284D8BB008EE100A00F07A
:10AAE000BDFB95F90030013304460BD018EE100A77
:10AAF00001F0CEFB30B1F7EE007AB4EEE78AF1EE6A
:10AB000010FA04D420460BB0BDEC028BF0BD01233B
:10AB10001A4A009318EE100A00230192089301F0DC
:10AB2000DFFE06460F46002000210B460246CDE917
:10AB30000467CDE9026702F051F895F90030022B65
:10AB4000CDE906010DD0684601F0BEF948B1089B79
:10AB500063B9DDE9060102F0D1F90BB0BDEC028B5F
:10AB6000F0BD02F0E7FC21230360F0E702F0E2FC15
:10AB7000089B0360EDE700BF4096FE1F58FF0208E8
:10AB800070B5264D8AB0064600F0D2FB95F900302C
:10AB90000133044603D0304601F07AFB10B9204659
:10ABA0000AB070BD304601F067FBDFED1D7A07EE9D
:10ABB000100AB4EEE77AF1EE10FAF0DD0323194A39
:10ABC0000093304600230893019201F089FE2B7810
:10ABD000CDE90401CDE9020183B9134B4FF0604286
:10ABE000CDE90623684601F06FF968B1089B83B987
:10ABF000DDE9060102F082F90AB070BD0B490020C0
:10AC0000022BCDE90601EDD102F094FC2223036072
:10AC1000ECE702F08FFC089B0360E9E74096FE1F1B
:10AC2000FCD4B24260FF0208FFFFEF470000F07F54
:10AC30002DE9F0419F4D8AB007460E4600F0E8FD31
:10AC400095F900300133044603D0304601F020FB73
:10AC500018B920460AB0BDE8F081384601F018FB6B
:10AC60000346002832D107EE906AF5EE407AF1EE05
:10AC700010FAEED1904A0893384601218DE806007B
:10AC800001F02EFECDE90201304601F029FE95F9D2
:10AC900000308A4F00265A1CCDE90401CDE9066731
:10ACA0000DD0022B0BD0684601F00EF9002800F001
:10ACB0009E80089B1BB102F03DFC089B0360DDE910
:10ACC000060102F01BF90AB0BDE8F08107EE907AA8
:10ACD000F5EE407AF1EE10FA23D107EE906AF5EE28
:10ACE000407AF1EE10FA56D10123734A00933846A8
:10ACF00000230893019201F0F3FDCDE902013046F3
:10AD000001F0EEFD95F9003000260027CDE90401A1
:10AD1000CDE90667002BC6D0684B0022CDE906239B
:10AD2000CDE7204601F0ACFA8046002864D007EE5B
:10AD3000904AF5EE407AF1EE10FA8AD1384601F0E9
:10AD40009FFA002885D0304601F09AFA002880D07A
:10AD50000423594A0093384600230893019201F0D6
:10AD6000BFFDCDE90201304601F0BAFD95F9003092
:10AD700000260027022BCDE90401CDE9066700F08B
:10AD80009480684601F0A0F8002800F08E80089BAF
:10AD9000002B94D08FE7304601F072FA00283FF480
:10ADA00058AF07EE906AF5EEC07AF1EE10FA7FF533
:10ADB00050AF0123404A0093384600230893019284
:10ADC00001F08EFDCDE90201304601F089FD2B78BE
:10ADD000CDE90401002B3FD039490020022BCDE9F9
:10ADE000060133D102F0A6FB21230360CFE702F076
:10ADF000A1FB212303605CE7384601F041FA0028FB
:10AE000095D0304601F03CFA002890D0204601F061
:10AE10003FFA034628BB284A0893012138468DE8AB
:10AE2000060001F05DFDCDE90201304601F058FD5C
:10AE30002C78CDE904017CB10020002102460B46AC
:10AE400001F0CCFE022CCDE90601CBD0684601F022
:10AE50003BF800289BD1C5E700220023CDE906235B
:10AE6000F4E7154BCDF82080032238468DE80C001E
:10AE700001F036FDCDE90201304601F031FD95F9D2
:10AE80000030CDE90401FBB907EE907A0D4BF5EEE9
:10AE9000C07A4FF06042F1EE10FACDE9062339D4C2
:10AEA00095F90030022B7FF46CAF02F043FB2223B4
:10AEB00003606CE74096FE1F68FF02080000F03F49
:10AEC0000000F0FFFFFFEF4707EE907A1F4BF5EE13
:10AED000C07A0022F1EE10FACDE90623E0D507EEA4
:10AEE000106AF6EE007A67EE277A17EE900A01F004
:10AEF000F7FC06460F4600F0EFFF02460B463046D1
:10AF0000394601F0A9FF0028CAD1114B0022CDE932
:10AF10000623C5E707EE106AF6EE007A67EE277A99
:10AF200017EE900A01F0DCFC06460F4600F0D4FF55
:10AF300002460B463046394601F08EFF0028AFD15D
:10AF4000044B4FF06042CDE90623A9E70000F07FF3
:10AF50000000F0FFFFFFEFC730B52DED028B284D4D
:10AF60008BB008EE100A00F059FF95F9003001335C
:10AF7000044609D018EE100A01F08AF920B1B5EEA6
:10AF8000C08AF1EE10FA04D420460BB0BDEC028B5F
:10AF900030BD01231B4A009318EE100A00230192D2
:10AFA000089301F09DFC2C78CDE90401CDE9020164
:10AFB0008CB900220023CDE90623684600F084FF07
:10AFC00098B1089BB3B9DDE9060101F097FF0BB01A
:10AFD000BDEC028B30BD0020002102460B4601F083
:10AFE000FDFD022CCDE90601E7D102F0A3FA2123F1
:10AFF0000360E6E702F09EFA089B0360E3E700BF08
:10B000004096FE1F70FF020808B520F00043B3F120
:10B010007E5F2DED028B07EE900A16D00CDCB3F1AB
:10B020007C5F1FDAB3F10C5F70DCBDEC028BDFEDEF
:10B030007A7A17EE900A08BD77EEE77AC7EEA77A1C
:10B04000BDEC028B17EE900A08BDBDEC028BDFED64
:10B05000737A9FED737A0028D8BFF0EE477A17EE27
:10B06000900A08BD0028C0F28E80F7EE008A78EEC4
:10B07000E77AB6EE008A27EE888A18EE100A00F00A
:10B08000CDFE9FED687A9FED683A9FED684ADFED4F
:10B09000682ADFED683A9FED685ADFED684ADFED18
:10B0A000686ADFED685ADFED687AA8EE073A20F4A7
:10B0B0007F6323F00F03E8EE223AA3EE084AE3EEA3
:10B0C000884AA4EE085AE4EE885AE5EE086A07EECC
:10B0D000103AE6EE887AF0EE486A06EE100AE5EEDF
:10B0E000888AE7EE476A67EE887A76EE075A87EE37
:10B0F000A88AC6EEA57AE8EE067ABDEC028B77EE5A
:10B10000277A77EEA77A17EE900A08BD27EEA77A7E
:10B110009FED441ADFED442ADFED443ADFED441A97
:10B120009FED443ADFED445A9FED444ADFED444A37
:10B130009FED445ADFED446A9FED446A9FED442A37
:10B14000E7EE012ABDEC028BE2EE873AA7EE213A48
:10B15000E3EE875AA3EE074AE5EE874AA4EE075AC4
:10B16000E4EE876AF7EE005AE5EE075A26EE877A94
:10B1700087EE257AA7EEC76A77EEC67A72EE677A0F
:10B1800017EE900A08BDB7EE008A77EE887AB6EE21
:10B19000007A67EE877ADFED232ADFED233A9FED11
:10B1A000243ADFED224A9FED234ADFED235A9FED3B
:10B1B000235ADFED236A9FED236A9FED237AE7EEA2
:10B1C000A23AA7EE834AE3EEA74AA4EE275AE4EE9A
:10B1D000A75AA5EE276AE5EEA76AA6EE278AA6EE8D
:10B1E000A77AF0EE488A27EE278A17EE900A00F039
:10B1F00015FE88EE288A06EE900A9FED167ADFED9E
:10B20000167AA8EE267A06EE100A37EE067AF0EEE7
:10B21000006AE7EE667A13E7DB0FC93F0000000023
:10B22000DB0F494008EF1138047F4F3A461124BD27
:10B230002EC69D3D613330BFA80A4E3E2D570140BA
:10B2400090B0A6BE39D119C0ABAA2A3E6821A2335C
:10B25000DA0FC93F6821A2B3DA0F494008B5B0F14F
:10B260007E5F2DED028B08EE100A2CDBB0F19B4FB8
:10B2700009DBB0F1FF4F4BDB38EE088A18EE100AFD
:10B28000BDEC028B08BDB0F17E5F4AD0B0F1804FBB
:10B2900022DCF7EE007A38EE678AB0EE007A68EECC
:10B2A000087AE8EE077A17EE900A00F0B7FD07EE8D
:10B2B000900A77EE887ABDEC028B17EE900ABDE813
:10B2C000084000F0FFBF38EE488A88EE088A18EE82
:10B2D000100ABDEC028B08BDFFEE007AE8EE087A9A
:10B2E00017EE900A00F09AFD07EE900A37EE887A82
:10B2F000F7EE007AC7EE877AB0EE007AD8EE077ADA
:10B30000BDEC028B17EE900ABDE8084000F06CB966
:10B3100000F06AF99FED048A07EE900A37EE888AFA
:10B32000ACE79FED028AA9E71872313F00000000E8
:10B3300010B52DED028B82B00190019C24F00044E9
:10B34000B4F1FF4F15DA324B9C421CDD314B9C426D
:10B350002FDD314B9C423BDD304B9C4243DDDFED2A
:10B36000307A67EEA77A17EE900A02B0BDEC028B36
:10B3700010BD07EE900A67EEA77A17EE900A02B0AA
:10B38000BDEC028B10BD00F077FF00F031FE07EE40
:10B39000100AF7EE006AB4F1105F77EE267AE2DB6E
:10B3A00027EE077A77EEA77AC7EE277A77EEA67AA6
:10B3B000D9E700F061FF00F035F807EE900AB6EE2D
:10B3C000007AC7EE277A06EE900AE6EE877ACAE799
:10B3D00000F052FF00F026F807EE100AF6EE007AB1
:10B3E00067EE277ABFE700F047FF07EE900AB6EE58
:10B3F000008A67EE887A17EE900A00F013F807EEDD
:10B40000900A07EE100A67EE887A67EE877AAAE755
:10B410001772B13EFFFFAF411772B142FCD4B24286
:10B42000CAF2497120F00042B2F1FF4F07EE900AD4
:10B43000034659D84FEAD0715BD0594883427ADC31
:10B44000002B70DB574B9A425CD9574B9A4200F263
:10B4500086805648564A8B00184490ED007A1A446C
:10B4600077EEC73AC1F1010392ED006A5B1A73EE01
:10B47000C67A67EEA76A9FED4F7A9FED4F4ADFEDE0
:10B480004F4A9FED4F5ADFED4F5AA6EE874AB0EE76
:10B49000677AE4EE264AA4EEA65AE5EE265AA5EE11
:10B4A000E67AF0EE476AB0EE007A002B4AD067EEFB
:10B4B000A67A77EE666AF7EE005A87EEA67A13F15F
:10B4C0007D0F36EE476A36EE637A75EEC77A60DA3C
:10B4D00017EE902A643302EBC353DFED3B6A07EEAD
:10B4E000903A67EEA67A01E077EEA77A17EE900A17
:10B4F00070479FED367A002918BFF0EE477A17EEB5
:10B50000900A7047B2F1465F13D29FED317A37EE61
:10B51000877AF7EE006AB4EEE67AF1EE10FA08DD0B
:10B5200077EEA67AE2E72B4B9A428BD9DFED277AAA
:10B53000DCE700239DE7DFED267A67EEA77A17EEBA
:10B54000900A704736EEC77A67EEA66AB7EE006AD1
:10B55000C6EE876A76EEE77A76EE677AC6E71E4B26
:10B56000DFED1E6ADFED1E5A9FED1E6A03EB8103BD
:10B5700093ED007AA7EEA67ABDEEC77AF8EEC76A19
:10B5800017EE103AE6EEE57A26EE866AF0EE673AB6
:10B590006DE717EE902A02EBC35307EE903AA5E74A
:10B5A0001772B1421872B13E9115853F88FF0208AB
:10B5B00080FF02084CBB31330EEADDB555B38A3843
:10B5C000610B36BBABAA2A3E0000800D00000000D4
:10B5D000CAF24971B5F1CF4278FF02083BAAB83FE1
:10B5E0008071313FD1F7173730B482B00190019BA1
:10B5F00023F0004272B3002B42DBB3F1FF4F4CDA71
:10B60000B3F5000F31DB00227249C3F3160529445C
:10B6100001F40001DB157F3B81F07E54134405F1FA
:10B620000F0044EA050207EE902AC0F31602B7EEB7
:10B63000007A0F2A03EBD15337EEC77A36DCB5EE2A
:10B64000407AF1EE10FA72D1002B40F09E80DFEDCF
:10B65000627A05E0DFED617A9FED5F7AC7EE877A67
:10B6600017EE900A02B030BC7047DFED5D7A9DEDB9
:10B67000017A67EE277A6FF0180217EE903AC3E767
:10B68000DDED017A9FED547A77EEE77AC7EE877A9F
:10B6900017EE900A02B030BC7047DDED017A77EE0C
:10B6A000A77A17EE900A02B030BC7047B0EE006A7D
:10B6B00037EE066A06EE903A87EE066A494AC5F505
:10B6C00057112A4401F522710A43002A9FED462AA8
:10B6D000DFED463ADFED464ADFED462A9FED464A6A
:10B6E000DFED467ADFED465A26EE065AB8EEE63A28
:10B6F00065EE056AE6EE823AA6EEA24AE3EEA64AB7
:10B70000E4EE265AE4EEA67A67EE857AE5EEA67AAE
:10B7100048DDF6EE005A67EE255A65EE875AA3B962
:10B7200075EEA76AE6EEC65A77EE657A98E7DFED22
:10B73000356AF6EE007AE7EE667A67EE076A66EE3D
:10B74000A77A9BB977EE677A8AE79FED2F5ADFEDEC
:10B750002F4A75EEA76A63EE057AE6EE867A75EEF5
:10B76000E77A77EEC77AD3EE247A79E706EE903A55
:10B77000DFED255A9FED256AF8EEE66AE6EEE57AFA
:10B7800077EEC77AD6EE867A6AE707EE903AB8EE99
:10B79000E77ADFED1D7ADFED1D6A67EE277AE7EEC7
:10B7A000267A5DE773B1DFED185A9FED185A77EEF0
:10B7B000676A65EEC37AE6EE867A77EEC77AD3EEED
:10B7C000057A4DE777EE677AA7EEC67AF0EE477A0C
:10B7D00046E700BF20FB4A0000000000000000CC4C
:10B7E0000000004C305CCFFF9788173E25333A3E6F
:10B7F0002549923E4FD01C3E298E633EABAA2A3F7C
:10B80000CDCCCC3EABAAAA3ED1F717378071313FE1
:10B810002DE9F0432DED028B31F0004683B00C464C
:10B8200014D020F00047B7F1FF4F0546804607DDF2
:10B83000574803B0BDEC028BBDE8F04300F062BE98
:10B84000B6F1FF4F09DDB7F17E5FF1D14FF07E50C9
:10B8500003B0BDEC028BBDE8F08300285ADB4FF04B
:10B860000009B6F1FF4F4DD0B6F17E5F65D0B4F15F
:10B87000804F6ED0B4F17C5F1FD02846019100F05C
:10B88000FBFCB7F1FF4F07EE900A31D001997FB36F
:10B89000B7F17E5F2CD04FEAD873013B59EA03021F
:10B8A00066D0B6F19A4F79DD3A4A974200F3DC81CF
:10B8B000002CC0F2E0810020CAE7B8F1000F4FDA97
:10B8C0002846019100F0D8FCB7F1FF4F07EE900A2F
:10B8D000019901D0002FDBD1A7F17E5759EA070368
:10B8E00048D0B9F1010F00F0BA8117EE900AAFE726
:10B8F000002CBCBFB7EE007AC7EE277AB8F1000F74
:10B90000F3DAE9E7B7F17E5FA0D01DDD002CD2DBD2
:10B9100008469DE7B6F1974F13DAB6F17E5F09DB73
:10B92000F315C3F1960346FA03F202FA03F3B342A6
:10B9300000F090814FF0000996E7002C1FDB2846AD
:10B9400086E74FF002098CE7002CB4DA81F0004062
:10B950007EE707EE905A67EEA77A17EE900A77E730
:10B96000284603B0BDEC028BBDE8F04300F056BAA8
:10B9700007EE905A77EEE77AC7EEA77AB5E707EEBB
:10B98000105AF7EE007AC7EE877A17EE900A5FE753
:10B990004CFF0208F7FF7F3F0000804BB7F5000F18
:10B9A00080F273811FED047A67EE877A6FF01700DB
:10B9B00017EE907ADE4DFA15C7F316077F3AAF42BD
:10B9C000024447F07E5040F35D81DA4DAF4240F3D0
:10B9D000AB8100260132A0F500003546DFF8B4C384
:10B9E000DFEDD52A9FEDD50ADFEDD50A9FEDEB1AE5
:10B9F000DFEDD41A9FEDD42ADFEDD47A9FEDD43A4F
:10BA0000D44F9FEDD54ADFF890E3AD00AC4407EE8C
:10BA1000100A9CED006A77EE065AF7EE006AC6EE51
:10BA2000A55A401040F0005000F58020304404EE4C
:10BA3000900A77EE466A34EEC66A66EEA53A37EEAD
:10BA4000467A23EEA36A13EE906AA6EE220A26F443
:10BA50007F6626F00F0605EE106AE0EE060A7819FA
:10BA60007544F1EE452AE2EEA46AF0EE414AE0EEBA
:10BA7000864AE2EE876AE4EE861A66EEA55AF0EE92
:10BA8000426AE1EE866A33EE857A26EE066A27EE92
:10BA9000257AF0EE084AA6EE267AF0EE646AE5EE24
:10BAA000056AD0ED001A95ED002A36EE876A06EE9B
:10BAB000902A16EE102A22F47F6222F00F0206EE80
:10BAC000102A76EE644AF8EEE66AE2EE854A37EE30
:10BAD000647A27EE237AA5EE867AF0EE475AE5EEF1
:10BAE000065A15EE902A22F47F6222F00F0205EE2C
:10BAF000102AA2EE865A05EE902A37EE457A67EEB6
:10BB0000277AE5EE837A77EEA17AB0EE677AA5EE32
:10BB1000847A37EE027A37EE267A17EE102A22F46C
:10BB20007F6222F00F0207EE102A77EE666A36EE89
:10BB3000C27AA5EEC47A77EEC77A24F47F6424F043
:10BB40000F0407EE101A06EE904A67EE277A77EE9A
:10BB5000666A06EE104A07EE102A27EE067A06EE0F
:10BB6000102AE6EE867A09F1FF3959EA0303B7EEA7
:10BB7000008A77EE876ABFEE006A16EE903A08BF39
:10BB8000B0EE468A002B23F0004240F3B880B2F1B9
:10BB9000864F00F387807AD0B2F17C5F00F38B8010
:10BBA0000022114623F47F6323F00F0306EE103AC0
:10BBB000DFED6A6ADFED6A5A9FED6A3A9FED6A2A05
:10BBC000DFED6A3A9FED6A4ADFED6A4A9FED6A5AF5
:10BBD00036EE477AF0EE002A77EEC77A26EE267A1E
:10BBE000A7EEA57AF7EE005AF0EE476AE6EE036A92
:10BBF000F0EE477A26EEA67AF0EE661AE7EE023A03
:10BC0000E6EE431AA3EE874AB0EE666AE4EE074A10
:10BC100077EEE17AA4EE875AE6EEA77AA5EE476AB8
:10BC200026EE867A36EE626A87EE067A77EE677AD5
:10BC300077EEE67A75EEE77A17EE903A1344B3F5AD
:10BC4000000FC0F2E48007EE903A68EE277A17EE14
:10BC5000900AFDE502F00102C2F1020904E6F1EEEC
:10BC6000677A17EE900AF3E5444A974240F39E80C4
:10BC7000002C7FF720AEDFED427A67EEA77A17EE51
:10BC8000900AE5E500263546A8E6002092E69FEDFD
:10BC90003D6A76EEC76A37EE866AB4EEE66AF1EE82
:10BCA00010FA08DDDFED367A28EE278A68EE277A6B
:10BCB00017EE900ACCE5D2154FF400017E3A41FA16
:10BCC00002F21A44C2F3C7502F4CA0F17F052C4159
:10BCD000C2F3160122EA040206EE902AC0F1960091
:10BCE00041F4000137EE667A014181EAE37177EEB3
:10BCF000876A01EBD371CA0516EE903A52E72349E1
:10BD00008A4208DC7FF448AF76EEC76AF4EEE67A42
:10BD1000F1EE10FACFD8DFED1E7A28EE278A68EE12
:10BD2000277A17EE900A93E54FF40016012555E6A1
:10BD300071C41C00D6B35D0042F1533E55326C3ED7
:10BD400005A38B3EB76DDB3E9A99193F4F38763F7E
:10BD5000A0C39D3698FF02080038763F8CBEBF35E1
:10BD60001872313F0072313F4CBB31330EEADDB502
:10BD700055B38A38610B36BBABAA2A3E0700803F19
:10BD8000CAF249713CAA3833FFFF7F000000164316
:10BD90006042A20DA0FF020890FF0208ABAAAA3ED3
:10BDA0003BAAB83F00AAB83F70A5EC36B7EE007AC0
:10BDB00077EEC77A1FED076A1FED077A5FED064A37
:10BDC0005FED085AB1EE675AF5EE006AA5EE266AF5
:10BDD000F6EE006AE6EE676AB0EE666A67EEA76A9C
:10BDE00066EE866A27EE667AA7EEA47AF0EE476AD8
:10BDF000E7EEA56A16EE902A22F47F6222F00F0287
:10BE000007EE902AE5EE257A77EE677A95E617EE4B
:10BE1000900A00F07BFB07EE900A16E720F0004244
:10BE2000B2F1FF4F70B407EE900A034632D26AB304
:10BE3000002841DBB2F5000F4FEAE05130D3A1F109
:10BE40007F02C3F31603D10743F4000348BF5B002E
:10BE5000002456105B00254619214FF08072A81867
:10BE6000984202DC1B1A8518144401394FEA430337
:10BE70004FEA5202F3D113B104F001031C446410E1
:10BE800004F17C5404EBC65307EE903A17EE900A87
:10BE900070BC7047E7EEA77A70BC17EE900A704747
:10BEA00010F400020DD15B00180202F10102FAD574
:10BEB000C2F101021144C2E777EEE77AC7EEA77A32
:10BEC000E4E701221144BAE700207047002001494D
:10BED000704700BF0000F87FF0B5C1F30A5EAEF214
:10BEE000FF35132D83B002460B460C464FEAD17640
:10BEF00007462EDC002D48DB3B49294101EA0300BF
:10BF000010432BD049080B4053EA02070CD04FF4E2
:10BF10008023132D24EA010143FA05F444EA0104C5
:10BF20000CBF4FF000470027304901EBC6062346FF
:10BF3000D6E900453A462046294600F073FBCDE994
:10BF4000000122462B46DDE9000100F069FB03B049
:10BF5000F0BD332D06DDB5F5806F41D01046194692
:10BF600003B0F0BDAEF2134E4FF0FF3121FA0EF1E7
:10BF70000142F3D049080142D6D04FF0804320EA75
:10BF8000010143FA0EF70F43CEE721F000410143D0
:10BF9000E4D0C3F3130141EA000CCCF1000141EA03
:10BFA0000C0C12495C0C4FEA1C3C0CF4002C640491
:10BFB00001EBC6014CEA0403D1E9004520462946BD
:10BFC00000F030FBCDE9000122462B46DDE90001FF
:10BFD00000F026FB21F0004444EAC6731946BFE78F
:10BFE00000F020FBBCE700BFFFFF0F00A8FF020826
:10BFF000924920F000428A4207EE900A00F0004386
:10C0000013D9B2F1FF4F00F2858000F0D280002BEF
:10C0100040F0A4808A4B9A4200F20881DFED896AE1
:10C02000B6EE006A27EEA67A85E087498A4255D89F
:10C03000B2F14C5FC0F0B2800023F6EE002A67EE4A
:10C04000A23ADFED825A9FED825A9FED824ADFEDE0
:10C05000824A9FED827A27EEA36AB7EE003AA6EEF7
:10C06000255AF0EE085AA5EE064AB1EE085AE4EE5B
:10C07000064AA4EE867AF0EE434AE7EE064AE4EE7C
:10C08000E35AA7EEE55A34EEE57A87EE057A27EE15
:10C09000067AB3B337EE667A5A1CD7EE276A76EE85
:10C0A000C66A00F0A180012B68D05A1C392A00F220
:10C0B0008E80162B00F39F804FF080721A41C2F1E0
:10C0C0007E5276EEE76A07EE902A77EEE67A17EE72
:10C0D000902A02EBC35307EE903A18E060498A4277
:10C0E0001DD89FED606A002B6AD1DFED5F6A37EEE5
:10C0F000C67A012377EE667A37EE677A77EE666A5C
:10C100009BE7F0EE466AD7EE876A77EEE67A17EE9F
:10C11000900A704777EEA77A17EE900A7047DFED26
:10C12000496A002BB6EE006AFEEE005A27EEA67AA8
:10C1300018BFB0EE656A37EE067ADFED4A5A9FED1A
:10C140004A6ABDEEC77AF8EEC76A17EE103AE6EE15
:10C15000E57A66EE866AB0EE677ACBE79FED437AC2
:10C1600037EE877AB5EEC07AF1EE10FA63D4DFEDE0
:10C17000356ABEEE006A27EEA67ADCE7BDEE007AED
:10C18000F4EEC77AF1EE10FA47D577EEA27AB8EE60
:10C19000007A76EEE77A67EE877AB8E79FED347A31
:10C1A00037EE877A37EE477A77EEC77A17EE900A3E
:10C1B0007047002BBFEE007A18BFF0EE477AA6E773
:10C1C000DFED2C6A37EE867A4FF0FF3392E776EE9A
:10C1D000E76A73EE666A16EE902A02EBC35307EE27
:10C1E000903A77EEC37A92E777EEE66AFEEE007A4F
:10C1F000E6EEA27A8BE7C3F17F02D20507EE102AA2
:10C2000076EE876A77EEE66A76EE837A17EE902A04
:10C2100002EBC35307EE903A79E777EEE66AF0EE69
:10C22000007AA6EEA73AF0EE437A70E7DFED107AD7
:10C2300067EEA77A6BE7FFEE007A68E743B89541AF
:10C240001772B1423BAAB83F1872B13EBBED57B46A
:10C25000547E8636CD70A6B8010DD03A898808BDC7
:10C260009115853F8071313FD1F717376042A20D9C
:10C27000CAF24971D1F717B720F00040704700BFEC
:10C2800020F00040B0F1FF4FACBF0020012070470C
:10C2900030F0004001D102207047A0F50003B3F157
:10C2A000FE4F01D204207047054B421E9A4201D82E
:10C2B00003207047A0F1FF40B0FA80F040097047BA
:10C2C000FEFF7F00B0F1FF4F07EE900A034646DA0B
:10C2D0007D4A90421ADC20F00042B2F17E5F43DAE0
:10C2E000B2F1445F4EDA9FED797A37EE877AB5EE98
:10C2F000C07AF1EE10FA02DDB2F1125F31DB67EEC7
:10C30000E76AB6EE007AE6EE877A2AE0B0F1B44F3B
:10C310003DDBDA15DFED6E4A7F3A6E49C3F3160353
:10C320008B4200F3908043F07E5107EE901AF7EEB7
:10C33000006A37EEE66AB6EE007A26EE077A26EE57
:10C34000077A002B41D1B5EE406AF1EE10FA40F0C9
:10C350008380002A40F0A980DFED5D7A01E077EE6E
:10C36000A77A17EE900A7047BFEE007AF4EE477A8C
:10C37000F1EE10FA7AD1DFED587A9FED557AC7EEDB
:10C38000877AEEE7554A114602448A4214D8F7EEFE
:10C39000006A77EEA64A14EE903ADA157F3A002A40
:10C3A000CBBF74EEE77A74EEE66A76EEE77A77EE64
:10C3B000E67AC7EEA44AB0E7B6EE007A27EE877AAF
:10C3C00006EE100A27EE877A0022F0EE005A76EE8B
:10C3D000255A9FED432ADFED432A9FED433ADFEDD7
:10C3E000433A9FED434ADFED437A9FED435AC6EE51
:10C3F000255A65EEA56AE6EE822AA2EEA63AE3EE9B
:10C40000263AA3EEA64AE4EE267AA7EEA65A25EE31
:10C41000265A82B307EE902AF8EEE76ADFED377A04
:10C420009FED374AE6EEA74A37EE055AF0EE647AFA
:10C43000E5EE257A37EE677A77EE467AD6EE847A9D
:10C4400017EE900A7047C3F5000143F07C5307EEE6
:10C45000903A01328B106AE7DFED277AE6EE676AE1
:10C4600026EE877A82B976EE477A7AE777EEE77A30
:10C47000C7EEA77A75E737EE055AF0EE477AE5EE94
:10C48000657A76EE677A6CE707EE902AF8EEE76A4F
:10C49000DFED1A7ADFED1A5AE6EEA74A77EE647AF4
:10C4A00077EEC67AD6EEA57A5BE707EE902AF8EE2D
:10C4B000E76ADFED127A9FED127AE6EEA74AF0EE18
:10C4C000647AE6EE877A4CE7D613D43E0000004C3F
:10C4D00000000000F6043500000000CCE0096A41CD
:10C4E0009788173E4FD01C3E25333A3E298E633E37
:10C4F0002549923ECDCCCC3EABAA2A3FD1F7173787
:10C500008071313F004870470000C07F00B52DEDBD
:10C51000028B83B00190019B33F0004223D0B2F133
:10C52000FF4F15D2B2F5000F26D3D20D0A44FE2AD2
:10C530003CDC002A30DD23F0FF4343EAC25307EE20
:10C54000903A17EE900A03B0BDEC028B5DF804FB45
:10C5500007EE900A77EEA77A17EE900A03B0BDECCB
:10C56000028B5DF804FBDDED017A17EE900A03B053
:10C57000BDEC028B5DF804FB9DED017ADFED1E7AC8
:10C580001E4B67EE277A9942CDED017A20DB019BA5
:10C59000C3F3C752193AC9E712F1160F1FDA4CF26A
:10C5A0005033994202DC9FED168A01E09FED158A17
:10C5B000019918EE100A00F029F807EE900A67EECC
:10C5C000887A17EE900A03B0BDEC028B5DF804FB8D
:10C5D000DFED0B7A9DED017A67EE277ABCE7193221
:10C5E00023F0FF4343EAC2539FED077A07EE903AE8
:10C5F00067EE877AB0E700BF0000004CB03CFFFF59
:10C600006042A20DCAF249710000003301F00041FE
:10C6100020F000400843704781F0004102E000BF75
:10C6200083F0004330B54FEA41044FEA430594EAF2
:10C63000050F08BF90EA020F1FBF54EA000C55EA2D
:10C64000020C7FEA645C7FEA655C00F0E2804FEAFE
:10C650005454D4EB5555B8BF6D420CDD2C4480EAE0
:10C66000020281EA030382EA000083EA010180EA10
:10C67000020281EA0303362D88BF30BD11F0004F5E
:10C680004FEA01314FF4801C4CEA113102D0404294
:10C6900061EB410113F0004F4FEA03334CEA1333CF
:10C6A00002D0524263EB430394EA050F00F0A780E7
:10C6B000A4F10104D5F1200E0DDB02FA0EFC22FAE2
:10C6C00005F2801841F1000103FA0EF2801843FAD6
:10C6D00005F359410EE0A5F120050EF1200E012AC7
:10C6E00003FA0EFC28BF4CF0020C43FA05F3C01805
:10C6F00051EBE37101F0004507D54FF0000EDCF17E
:10C70000000C7EEB00006EEB0101B1F5801F1BD326
:10C71000B1F5001F0CD349085FEA30004FEA3C0C2A
:10C7200004F101044FEA445212F5800F80F09A8020
:10C73000BCF1004F08BF5FEA500C50F1000041EB24
:10C74000045141EA050130BD5FEA4C0C404141EB28
:10C75000010111F4801FA4F10104E9D191F0000F4F
:10C7600004BF01460020B1FA81F308BF2033A3F1D2
:10C770000B03B3F120020CDA0C3208DD02F1140CC9
:10C78000C2F10C0201FA0CF021FA02F10CE002F104
:10C790001402D8BFC2F1200C01FA02F120FA0CFCFD
:10C7A000DCBF41EA0C019040E41AA2BF01EB045146
:10C7B000294330BD6FEA04041F3C1CDA0C340EDC44
:10C7C00004F11404C4F1200220FA04F001FA02F387
:10C7D00040EA030021FA04F345EA030130BDC4F145
:10C7E0000C04C4F1200220FA02F001FA04F340EA3A
:10C7F0000300294630BD21FA04F0294630BD94F0EB
:10C80000000F83F4801306BF81F480110134013DD1
:10C810004EE77FEA645C18BF7FEA655C29D094EA42
:10C82000050F08BF90EA020F05D054EA000C04BFC0
:10C830001946104630BD91EA030F1EBF00210020AB
:10C8400030BD5FEA545C05D14000494128BF41F04A
:10C85000004130BD14F580043CBF01F5801130BDAE
:10C8600001F0004545F0FE4141F470014FF0000039
:10C8700030BD7FEA645C1ABF194610467FEA655CEA
:10C880001CBF0B46024650EA013406BF52EA03358C
:10C8900091EA030F41F4002130BD00BF90F0000F7A
:10C8A00004BF0021704730B54FF4806404F13204B6
:10C8B0004FF000054FF0000150E700BF90F0000F6F
:10C8C00004BF0021704730B54FF4806404F1320496
:10C8D00010F0004548BF40424FF000013EE700BF66
:10C8E00042004FEAE2014FEA31014FEA02701FBFF6
:10C8F00012F07F4393F07F4F81F06051704792F0C8
:10C90000000F14BF93F07F4F704730B54FF4607441
:10C9100001F0004521F0004120E700BF50EA01028C
:10C9200008BF704730B54FF000050AE050EA010239
:10C9300008BF704730B511F0004502D5404261EBA9
:10C9400041014FF4806404F132045FEA915C3FF4EA
:10C95000DCAE4FF003025FEADC0C18BF03325FEA83
:10C96000DC0C18BF033202EBDC02C2F1200300FA38
:10C9700003FC20FA02F001FA03FE40EA0E0021FA5D
:10C9800002F11444C1E600BF70B54FF0FF0C4CF447
:10C99000E06C1CEA11541DBF1CEA135594EA0C0FFD
:10C9A00095EA0C0F00F0DEF82C4481EA030621EA38
:10C9B0004C5123EA4C5350EA013518BF52EA033573
:10C9C00041F4801143F4801338D0A0FB02CE4FF025
:10C9D0000005E1FB02E506F00042E0FB03E54FF055
:10C9E0000006E1FB03569CF0000F18BF4EF0010E4D
:10C9F000A4F1FF04B6F5007F64F5407404D25FEA49
:10CA00004E0E6D4146EB060642EAC62141EA5551FB
:10CA10004FEAC52040EA5E504FEACE2EB4F1FD0C3D
:10CA200088BFBCF5E06F1ED8BEF1004F08BF5FEABB
:10CA3000500E50F1000041EB045170BD06F000466D
:10CA400046EA010140EA020081EA0301B4EB5C041A
:10CA5000C2BFD4EB0C0541EA045170BD41F4801112
:10CA60004FF0000E013C00F3AB8014F1360FDEBF37
:10CA7000002001F0004170BDC4F10004203C35DA13
:10CA80000C341BDC04F11404C4F1200500FA05F396
:10CA900020FA04F001FA05F240EA020001F0004237
:10CAA00021F0004110EBD37021FA04F642EB0601AD
:10CAB0005EEA430E08BF20EAD37070BDC4F10C04D7
:10CAC000C4F1200500FA04F320FA05F001FA04F29B
:10CAD00040EA020001F0004110EBD37041F1000187
:10CAE0005EEA430E08BF20EAD37070BDC4F1200592
:10CAF00000FA05F24EEA020E20FA04F301FA05F2FA
:10CB000043EA020321FA04F001F0004121FA04F2A1
:10CB100020EA020000EBD3705EEA430E08BF20EA71
:10CB2000D37070BD94F0000F0FD101F000464000AB
:10CB300041EB010111F4801F08BF013CF7D041EA2D
:10CB4000060195F0000F18BF704703F00046520031
:10CB500043EB030313F4801F08BF013DF7D043EA02
:10CB60000603704794EA0C0F0CEA135518BF95EAB8
:10CB70000C0F0CD050EA410618BF52EA4306D1D13F
:10CB800081EA030101F000414FF0000070BD50EA5E
:10CB9000410606BF1046194652EA430619D094EAE8
:10CBA0000C0F02D150EA013613D195EA0C0F05D1D2
:10CBB00052EA03361CBF104619460AD181EA030126
:10CBC00001F0004141F0FE4141F470014FF00000DE
:10CBD00070BD41F0FE4141F4780170BD70B54FF079
:10CBE000FF0C4CF4E06C1CEA11541DBF1CEA1355F9
:10CBF00094EA0C0F95EA0C0F00F0A7F8A4EB0504DB
:10CC000081EA030E52EA03354FEA013100F08880D1
:10CC10004FEA03334FF0805545EA131343EA12639A
:10CC20004FEA022245EA111545EA10654FEA00264F
:10CC30000EF000419D4208BF964244F1FD0404F508
:10CC4000407402D25B084FEA3202B61A65EB030564
:10CC50005B084FEA32024FF480104FF4002CB6EB21
:10CC6000020E75EB030E22BFB61A754640EA0C00A1
:10CC70005B084FEA3202B6EB020E75EB030E22BFE1
:10CC8000B61A754640EA5C005B084FEA3202B6EB22
:10CC9000020E75EB030E22BFB61A754640EA9C00E1
:10CCA0005B084FEA3202B6EB020E75EB030E22BFB1
:10CCB000B61A754640EADC0055EA060E18D04FEA6F
:10CCC000051545EA16754FEA06164FEAC30343EA0F
:10CCD00052734FEAC2025FEA1C1CC0D111F4801FDC
:10CCE0000BD141EA00014FF000004FF0004CB6E7D5
:10CCF00011F4801F04BF01430020B4F1FD0C88BF74
:10CD0000BCF5E06F3FF6AFAEB5EB030C04BFB6EB7E
:10CD1000020C5FEA500C50F1000041EB045170BD71
:10CD20000EF0004E4EEA113114EB5C04C2BFD4EB9E
:10CD30000C0541EA045170BD41F480114FF0000E22
:10CD4000013C90E645EA060E8DE60CEA135594EA9E
:10CD50000C0F08BF95EA0C0F3FF43BAF94EA0C0FA1
:10CD60000AD150EA01347FF434AF95EA0C0F7FF416
:10CD700025AF104619462CE795EA0C0F06D152EA6A
:10CD800003353FF4FDAE1046194622E750EA41064E
:10CD900018BF52EA43067FF4C5AE50EA41047FF45F
:10CDA0000DAF52EA43057FF4EBAE12E74FF0FF3CC4
:10CDB00006E000BF4FF0010C02E000BF4FF0010C95
:10CDC0004DF804CD4FEA410C7FEA6C5C4FEA430C0E
:10CDD00018BF7FEA6C5C1BD001B050EA410C0CBF5D
:10CDE00052EA430C91EA030F02BF90EA020F0020BF
:10CDF000704710F1000F91EA030F58BF994208BF26
:10CE000090422CBFD8176FEAE37040F001007047E2
:10CE10004FEA410C7FEA6C5C02D150EA013C07D139
:10CE20004FEA430C7FEA6C5CD6D152EA033CD3D084
:10CE30005DF8040B704700BF8446104662468C467E
:10CE40001946634600E000BF01B5FFF7B7FF0028B1
:10CE500048BF10F1000F01BD4DF808EDFFF7F4FFDA
:10CE60000CBF012000205DF808FB00BF4DF808ED65
:10CE7000FFF7EAFF34BF012000205DF808FB00BF88
:10CE80004DF808EDFFF7E0FF94BF012000205DF8AA
:10CE900008FB00BF4DF808EDFFF7CEFF94BF01205F
:10CEA00000205DF808FB00BF4DF808EDFFF7C4FF58
:10CEB00034BF012000205DF808FB00BF4A0011D2FA
:10CEC00012F5001211D20DD56FF47873B3EB6252E4
:10CED0000ED44FEAC12343F0004343EA505323FAF0
:10CEE00002F070474FF00000704750EA013002D165
:10CEF0004FF0FF3070474FF0000070474FEA41029B
:10CF0000B2F1E04324BFB3F5001CDCF1FE5C0DD9A7
:10CF100001F0004C4FEAC0024CEA5070B2F1004FF1
:10CF200040EB830008BF20F00100704711F0804FF4
:10CF300021D113F13872BCBF01F00040704741F4B9
:10CF400080114FEA5252C2F11802C2F1200C10FABD
:10CF50000CF320FA02F018BF40F001004FEAC123A1
:10CF60004FEAD32303FA0CFC40EA0C0023FA02F345
:10CF70004FEA4303CCE77FEA625307D150EA01331B
:10CF80001EBF4FF0FE4040F44000704701F00040EB
:10CF900040F0FE4040F40000704700BF4BB942B97A
:10CFA000002908BF002802D04FF0FF31084600F0EA
:10CFB0003BB882B0EC462DE9005000F01DF8DDF8DA
:10CFC00004E002B00CBC70472DE9F041069C154608
:10CFD00006460F46984600F029F805FB01F300FBD2
:10CFE0000838A5FB0023B21A434467EB0303C4E9E6
:10CFF0000023BDE8F08100BF2DE9F041069C90467A
:10D0000006460F461D4600F05FF900FB05F5A0FB44
:10D01000082308FB0155B21A2B4467EB0303C4E94C
:10D020000023BDE8F08100BF704700BF00292DE953
:10D03000F043C0F2A6800026002BC0F29C808846F8
:10D0400094469E46154604460F46002B3DD18A4223
:10D0500059D9B2FA82F33BB1C3F120029F4020FAC2
:10D0600002F29D4017439C40290C220CB7FBF1FEB5
:10D07000A8B201FB1E7742EA074700FB0EF3BB4252
:10D080000AD97F190EF1FF3280F00581BB4240F2D0
:10D090000281AEF1020E2F44FF1AA4B2B7FBF1F3E6
:10D0A00001FB137744EA074700FB03F0B84208D9B5
:10D0B0007F1903F1FF3280F0F080B84240F2ED803A
:10D0C000023B43EA0E43002203E08B420FD90022C9
:10D0D0001346341C18BF012460424FF0000565EB75
:10D0E00045015840514000196941BDE8F083B3FA49
:10D0F00083F2002A40F086808B4202D3844500F2FE
:10D10000DB800123E5E712B90123B3FBF2F5B5FAA1
:10D1100085F000283BD1781B4FEA154E1FFA85FC9D
:10D120000122B0FBFEF8210C0EFB180741EA07476D
:10D130000CFB08F3BB4207D97F1908F1FF3102D27B
:10D14000BB4200F2BD808846FF1AA4B2B7FBFEF3D3
:10D150000EFB137744EA07470CFB03FCBC4507D9D9
:10D160007F1903F1FF3102D2BC4500F2A7800B46C4
:10D1700043EA0843ADE752426FEA060663EB430316
:10D180005DE7404261EB41014FF0FF3654E7C0F1EB
:10D19000200224FA02F107FA00F385404FEA154E07
:10D1A000D7401943B7FBFEF20B0C0EFB12771FFAA8
:10D1B00085FC43EA07430CFB02F79F4204FA00F4A4
:10D1C00007D95B1902F1FF3074D29F4272D9023A3B
:10D1D0002B44DF1B89B2B7FBFEF80EFB187341EA44
:10D1E00003430CFB08F79F4208D95B1908F1FF3194
:10D1F0005CD29F425AD9A8F102082B44D81B48EAB6
:10D2000002428EE7C2F120032CFA03F10EFA02FE6D
:10D2100020FA03F741EA0E0E08FA02F028FA03F1A9
:10D220004FEA1E453843B1FBF5F8030C05FB181116
:10D230001FFA8EF743EA014107FB08F38B420CFA11
:10D2400002FC09D911EB0E0108F1FF3930D28B42F3
:10D250002ED9A8F102087144C91A80B2B1FBF5F3C6
:10D2600005FB131140EA014107FB03F78F4208D980
:10D2700011EB0E0103F1FF3016D28F4214D9023B9D
:10D28000714443EA0843C91BA3FB0C89494509D3F0
:10D2900005D000221DE79646FEE6134611E79440AE
:10D2A0004445F6D2013BF4E70346EAE78846A5E7A2
:10D2B000C846D1E702468CE713460AE7023B57E728
:10D2C000A8F102082F443FE72DE9F041002B44D19B
:10D2D0008A42154604464FD9B2FA82F70E464FB13C
:10D2E000C7F12003B94020FA03F602FA07F50E430E
:10D2F00000FA07F44FEA154E230CB6FBFEF0AFB26E
:10D300000EFB106143EA014307FB00F1994209D982
:10D310005B1900F1FF3280F0EC80994240F2E98025
:10D3200002382B445A1AA4B2B2FBFEF30EFB1322AE
:10D3300044EA024207FB03F7974208D9521903F166
:10D34000FF3180F0D880974240F2D580023B43EA1B
:10D35000004000263146BDE8F0818B4247D8B3FA41
:10D3600083F6002E48D18B4202D3824200F2CD8058
:10D3700001203146BDE8F08112B90125B5FBF2F577
:10D38000B5FA85F8B8F1000F77D14A1B4FEA154E70
:10D39000AFB20126B2FBFEF0230C0EFB102143EAD4
:10D3A000014107FB00F38B4207D9491900F1FF3215
:10D3B00002D28B4200F2BA801046C91AA4B2B1FB65
:10D3C000FEF30EFB131144EA014407FB03F7A742E7
:10D3D00008D9641903F1FF3280F08F80A74240F230
:10D3E0008C80023B43EA00403146BDE8F0810026D4
:10D3F00030463146BDE8F081C6F1200422FA04F53A
:10D40000B3402B4320FA04FC01FA06F721FA04F595
:10D410004FEA134E4CEA0707B5FBFEF8390C0EFB3A
:10D4200018551FFA83FC41EA05450CFB08F1A94297
:10D4300002FA06F204D9ED1808F1FF3467D3A046CA
:10D440006D1ABFB2B5FBFEF40EFB145547EA054159
:10D450000CFB04FC8C4504D9C91804F1FF355CD3DE
:10D460002C4644EA0844CCEB0101A4FB0223994278
:10D4700048D344D0204600266CE7C8F1200401FAC6
:10D4800008F305FA08F520FA04F7E1404FEA154ED3
:10D490001F43B1FBFEF63A0C0EFB16111FFA85FC7A
:10D4A00042EA01430CFB06F29A4200FA08F407D95B
:10D4B0005B1906F1FF3137D29A4235D9023E2B442F
:10D4C0009B1ABFB2B3FBFEF00EFB103347EA0343D7
:10D4D0000CFB00F1994207D95B1900F1FF3221D210
:10D4E00099421FD902382B445A1A40EA0646674629
:10D4F00050E7104616E70B4629E7134672E7B0409F
:10D500009042B7D2601E002624E7304622E7A942A7
:10D5100095D9A8F102081D4492E78C45A0D9023C98
:10D5200019449EE71046DFE70E46C9E70238294452
:10D5300043E700BF014B1868704700BFA496FE1F69
:10D5400010B50A44441E914208D014F8013F0878EF
:10D55000834201D0181A10BD0131F4E7002010BD3C
:10D5600010B5431E0A44914204D011F8014B03F850
:10D57000014FF8E710BD02440346934202D003F87E
:10D58000011BFAE77047034613F8012B002AFBD171
:10D59000181A013870470000400000001E0E0300FA
:10D5A00001000000A87CB74B00000000D00700007D
:10D5B0000C00000001000000F049020080000000A3
:10D5C000030000002800000005000000000000002B
:10D5D00001000000E803000052424250445633303C
:10D5E0000000000053656E736532476F4C20507524
:10D5F0006C73652042475432344C545231312044CC
:10D60000656D6F20526164617220426F61726400C7
:10D61000E4D50208A8976E01E8A471010102010196
:10D6200002000001554E4B4E4F574E204552524F6F
:10D63000520000004552524F523A202D20426F6155
:10D64000726420756E737570706F7274656400001B
:10D650004552524F523A202D20496E76616C6964D2
:10D6600020426F6172642049442C206F7220426F07
:10D67000617264206E6F7420636F6E6E6563746593
:10D68000640000004552524F523A202D20426F61F3
:10D690007264204944206E6F742070726F677261EB
:10D6A0006D6D6564000000006D410000437572728D
:10D6B000656E7420436F6E73756D7074696F6E0064
:10D6C000CDCCCC3D00004040CDCCCC3D0000404016
:10D6D000CDCC4C3D00000040200040008000000107
:10D6E00000007A4400409C450000803F0000FA445E
:10D6F0000000803F0000FA4400000000E803000042
:10D70000040000000A0000005242425044563130EA
:10D710000000000053656E736532476F4C205075F2
:10D720006C73652042475432344C5452313120736B
:10D730006869656C642056312E30000050756C733A
:10D74000656420446F70706C6572000053656E7381
:10D750006532476F4C2050756C73652042475432D8
:10D76000344C5452313120736869656C64205633EF
:10D770002E30000000000000000000000200000049
:10D78000020000000C0000000C0000000C00000073
:10D790000C000000080000000A0000000300000068
:10D7A000030000000C0000000C000000003000002E
:10D7B00000300000003000000030000000030000D6
:10D7C000000C000003000000030000000C0000003B
:10D7D0000C000000300000003000000000300000AD
:10D7E0000030000000030000000C000000000000FA
:10D7F0000000000002000000020000000400000021
:10D80000040000000C0000000C00000008000000F4
:10D810000A000000FD1F02085D26020879230208A5
:10D82000192002083120020849200208612102085B
:10D830009D230208492202087921020829280208AA
:10D840001D260208092902080522020849230208A8
:10D850005D2302080044004000480040004C0040A6
:10D86000005000404E6F204572726F720000000041
:10D87000584D433437303020526164617220626108
:10D880007365626F6172642056322E3000000000B2
:10D8900010034900460058002000430044004300A4
:10D8A0000000000000000000000000000000000078
:10D8B0000000000000000000000000000000000068
:10D8C0000000000000000000000000000000000058
:10D8D0000000000000000000000000000000000048
:10D8E0000000000000000000000000000000000038
:10D8F00000000000000000001201100102000040C2
:10D900008B05580001000102000100000403090416
:10D910000000000000000000000000000000000007
:10D9200000000000000000000000000000000000F7
:10D9300000000000000000000000000000000000E7
:10D9400000000000000000000000000000000000D7
:10D9500000000000000000000000000000000000C7
:10D9600000000000000000000000000000000000B7
:10D9700000000000120349006E00660069006E009E
:10D9800065006F006E000000000000000000000055
:10D990000000000000000000000000000000000087
:10D9A0000000000000000000000000000000000077
:10D9B0000000000000000000000000000000000067
:10D9C0000000000000000000000000000000000057
:10D9D0000000000000000000000000000CD9020858
:10D9E00074D9020890D80208040012001000000048
:10D9F00009023E0002010080320904000001020217
:10DA0000010005240010010424020605240600017B
:10DA1000070581030800FF09040100020A00000055
:10DA200007050302400001070582024000010000D3
:10DA300098000000000001000400000000000F0E2C
:10DA4000A80C08070001000000000000000002020E
:10DA5000000000000000000058DC020870DB020833
:10DA60002CDD0208010000000000000000000000A2
:10DA7000000000000100000000000020BCDB0208E4
:10DA8000010000005CDC0208000000000000000053
:10DA90000000000000000000000000000000000086
:10DAA0000000000000000000000000000000000076
:10DAB0000000000000000000000000000000000066
:10DAC00000000000000000002893FE1F000001007D
:10DAD00000000000000000000000000000000F0E29
:10DAE00051040007000000000000000000000000DA
:10DAF000000000000000000018DD0208A4DB02089E
:10DB0000CCDA020801000200000000000000000062
:10DB1000000000000100000000000008D0DA020848
:10DB20000100000078DB02080100000000850248C7
:10DB30000A0000000CDD02080000000000000000E8
:10DB400000000000000000000000000000000000D5
:10DB500000000000000000000000000000000000C5
:10DB600000000000000000002893FE1F00000100DC
:10DB7000000001000C010100020000000000000094
:10DB800015000000010000009800000000000100E6
:10DB9000040000000200000000000000150000006A
:10DBA000010000000C020100000001000000000064
:10DBB0000000000000000000000001000000000064
:10DBC000000000000000000000000A00090008003A
:10DBD000000100000000000000000303000000003E
:10DBE000000000006CDB020828DD0208A8DB020848
:10DBF0000000000000000000000000000000000025
:10DC00000100000000000004ACDB0208010000007D
:10DC1000FCDC020801000000008502480B00000047
:10DC200088DB020800000000000000000000000087
:10DC300000000000000000000000000000000000E4
:10DC400000000000000000000000000000000000D4
:10DC5000000000002893FE1F0C01010002000000DC
:10DC600000000000140000000100000000000F0E82
:10DC70005104000700000000000000000000000048
:10DC8000000000000000000074DB020830DD020824
:10DC9000B8DB0208010002000000000000000000E4
:10DCA0000000000001000000000000101CDD020860
:10DCB0000100000094DB020801000000008502481A
:10DCC0000900000030DA0208000000000000000037
:10DCD0000000000000000000000000000000000044
:10DCE0000000000000000000000000000000000034
:10DCF00000000000000000002893FE1F000000004C
:10DD0000010000001400000007000000980000005F
:10DD100000000100040000000C01010000000000F0
:10DD200000000000000000000000010000000100F1
:10DD30000C0201003B3F00013A3F0001393F000166
:10DD4000313D0001383F00013F3F0001000000006D
:10DD500000000000000000000000000000000000C3
:10DD600000000000000000000000000000000000B3
:10DD700000000000000000000000000000000000A3
:10DD8000000000000000000000000000040000008F
:10DD90000000000000000000000000000000000083
:10DDA0000000000000000000000000000000000073
:10DDB0000000000000830248800000000000010015
:10DDC00004000000090000000083024880000000F9
:10DDD0000000010004000000040000000080024870
:10DDE0008000000001000000000000000E000000A4
:10DDF00000840248800000000000010000000000D4
:10DE000006000000008702488000000000000100BA
:10DE100000000000060000000083024880000000AF
:10DE200000000100000000000A000000008102481C
:10DE30008000000001000000000000000E00000053
:10DE40000081024880000000010000000000000086
:10DE50000F00000000810248800000000100000067
:10DE6000000000000D000000008702488000000054
:10DE700000000100040000000A000000080040004B
:10DE8000100080001800C0002000000128004001A0
:10DE9000300080013800C001500088005800C800E0
:10DEA0006000080168004801700088017800C8011E
:10DEB0009800D000A0001001A8005001B00090010F
:10DEC000B800D001E0001801E8005801F000980106
:10DED000F800D801280160013001A0013801E001FB
:10DEE0007001A8017801E801B801F0010000803F4D
:10DEF0000000000043EC7F3FB00AC93C0FB17F3FF8
:10DF00002FFB483D6D4E7F3F05A9963D6DC47E3F7A
:10DF100036BDC83D24137E3F73B2FA3DAC3A7D3F17
:10DF20008340163E283B7C3FA2102F3EBE147B3F11
:10DF3000C2C5473E9DC7793F135C603EF853783FAA
:10DF4000CCCF783E07BA763F938E883E0BFA743F6B
:10DF500031A0943E4714733FE59AA03E0809713FF3
:10DF6000D47CAC3E9ED86E3F2A44B83E5E836C3F64
:10DF700015EFC33EA7096A3FCA7BCF3ED86B673F08
:10DF800080E8DA3E59AA643F7533E63E98C5613FA2
:10DF9000EA5AF13E05BE5E3F275DFC3E1A945B3FA8
:10DFA0003D9C033F5348583F9BF5083F31DB543FAE
:10DFB000DA390E3F3D4D513F2A68133F029F4D3FD6
:10DFC000C07F183F12D1493FD17F1D3F03E4453F39
:10DFD0009967223F70D8413F5636273FF9AE3D3F03
:10DFE0004AEB2B3F4268393FBB85303FF304353F56
:10DFF000F304353FBB85303F4268393F4AEB2B3F46
:10E00000F9AE3D3F5636273F70D8413F9967223FD2
:10E0100003E4453FD17F1D3F12D1493FC07F183FE8
:10E02000029F4D3F2A68133F3D4D513FDA390E3F65
:10E0300031DB543F9BF5083F5348583F3D9C033F1D
:10E040001A945B3F275DFC3E05BE5E3FEA5AF13EF7
:10E0500098C5613F7533E63E59AA643F80E8DA3ED1
:10E06000D86B673FCA7BCF3EA7096A3F15EFC33E17
:10E070005E836C3F2A44B83E9ED86E3FD47CAC3E53
:10E080000809713FE59AA03E4714733F31A0943EC2
:10E090000BFA743F938E883E07BA763FCCCF783E1A
:10E0A000F853783F135C603E9DC7793FC2C5473E39
:10E0B000BE147B3FA2102F3E283B7C3F8340163E80
:10E0C000AC3A7D3F73B2FA3D24137E3F36BDC83D66
:10E0D0006DC47E3F05A9963D6D4E7F3F2FFB483DA9
:10E0E0000FB17F3FB00AC93C43EC7F3F0000000006
:10E0F0000000803FB00AC9BC43EC7F3F2FFB48BD06
:10E100000FB17F3F05A996BD6D4E7F3F36BDC8BD9F
:10E110006DC47E3F73B2FABD24137E3F834016BEAA
:10E12000AC3A7D3FA2102FBE283B7C3FC2C547BE04
:10E13000BE147B3F135C60BE9DC7793FCCCF78BED9
:10E14000F853783F938E88BE07BA763F31A094BECD
:10E150000BFA743FE59AA0BE4714733FD47CACBE63
:10E160000809713F2A44B8BE9ED86E3F15EFC3BE62
:10E170005E836C3FCA7BCFBEA7096A3F80E8DABEE8
:10E18000D86B673F7533E6BE59AA643FEA5AF1BEC1
:10E1900098C5613F275DFCBE05BE5E3F3D9C03BF49
:10E1A0001A945B3F9BF508BF5348583FDA390EBFBE
:10E1B00031DB543F2A6813BF3D4D513FC07F18BF2C
:10E1C000029F4D3FD17F1DBF12D1493F996722BFAA
:10E1D00003E4453F563627BF70D8413F4AEB2BBF7B
:10E1E000F9AE3D3FBB8530BF4268393FF30435BFD0
:10E1F000F304353F426839BFBB85303FF9AE3DBFC0
:10E200004AEB2B3F70D841BF5636273F03E445BF4A
:10E210009967223F12D149BFD17F1D3F029F4DBF59
:10E22000C07F183F3D4D51BF2A68133F31DB54BFBB
:10E23000DA390E3F534858BF9BF5083F1A945BBF2D
:10E240003D9C033F05BE5EBF275DFC3E98C561BF98
:10E25000EA5AF13E59AA64BF7533E63ED86B67BFF0
:10E2600080E8DA3EA7096ABFCA7BCF3E5E836CBFF7
:10E2700015EFC33E9ED86EBF2A44B83E080971BF51
:10E28000D47CAC3E471473BFE59AA03E0BFA74BF32
:10E2900031A0943E07BA76BF938E883EF85378BF7C
:10E2A000CCCF783E9DC779BF135C603EBE147BBF68
:10E2B000C2C5473E283B7CBFA2102F3EAC3A7DBF73
:10E2C0008340163E24137EBF73B2FA3D6DC47EBFF9
:10E2D00036BDC83D6D4E7FBF05A9963D0FB17FBFCE
:10E2E0002FFB483D43EC7FBFB00AC93C000080BF14
:10E2F0000000000043EC7FBFB00AC9BC0FB17FBF74
:10E300002FFB48BD6D4E7FBF05A996BD6DC47EBF76
:10E3100036BDC8BD24137EBF73B2FABDAC3A7DBF13
:10E32000834016BE283B7CBFA2102FBEBE147BBF0D
:10E33000C2C547BE9DC779BF135C60BEF85378BFA6
:10E34000CCCF78BE07BA76BF938E88BE0BFA74BF67
:10E3500031A094BE471473BFE59AA0BE080971BFEF
:10E36000D47CACBE9ED86EBF2A44B8BE5E836CBF60
:10E3700015EFC3BEA7096ABFCA7BCFBED86B67BF04
:10E3800080E8DABE59AA64BF7533E6BE98C561BF9E
:10E39000EA5AF1BE05BE5EBF275DFCBE1A945BBFA4
:10E3A0003D9C03BF534858BF9BF508BF31DB54BFAA
:10E3B000DA390EBF3D4D51BF2A6813BF029F4DBFD2
:10E3C000C07F18BF12D149BFD17F1DBF03E445BF35
:10E3D000996722BF70D841BF563627BFF9AE3DBFFF
:10E3E0004AEB2BBF426839BFBB8530BFF30435BF52
:10E3F000F30435BFBB8530BF426839BF4AEB2BBF42
:10E40000F9AE3DBF563627BF70D841BF996722BFCE
:10E4100003E445BFD17F1DBF12D149BFC07F18BFE4
:10E42000029F4DBF2A6813BF3D4D51BFDA390EBF61
:10E4300031DB54BF9BF508BF534858BF3D9C03BF19
:10E440001A945BBF275DFCBE05BE5EBFEA5AF1BEF3
:10E4500098C561BF7533E6BE59AA64BF80E8DABECD
:10E46000D86B67BFCA7BCFBEA7096ABF15EFC3BE13
:10E470005E836CBF2A44B8BE9ED86EBFD47CACBE4F
:10E48000080971BFE59AA0BE471473BF31A094BEBE
:10E490000BFA74BF938E88BE07BA76BFCCCF78BE16
:10E4A000F85378BF135C60BE9DC779BFC2C547BE35
:10E4B000BE147BBFA2102FBE283B7CBF834016BE7C
:10E4C000AC3A7DBF73B2FABD24137EBF36BDC8BD62
:10E4D0006DC47EBF05A996BD6D4E7FBF2FFB48BDA5
:10E4E0000FB17FBFB00AC9BC43EC7FBF0000008002
:10E4F000000080BFB00AC93C43EC7FBF2FFB483D02
:10E500000FB17FBF05A9963D6D4E7FBF36BDC83D9B
:10E510006DC47EBF73B2FA3D24137EBF8340163EA6
:10E52000AC3A7DBFA2102F3E283B7CBFC2C5473E00
:10E53000BE147BBF135C603E9DC779BFCCCF783ED5
:10E54000F85378BF938E883E07BA76BF31A0943EC9
:10E550000BFA74BFE59AA03E471473BFD47CAC3E5F
:10E56000080971BF2A44B83E9ED86EBF15EFC33E5E
:10E570005E836CBFCA7BCF3EA7096ABF80E8DA3EE4
:10E58000D86B67BF7533E63E59AA64BFEA5AF13EBD
:10E5900098C561BF275DFC3E05BE5EBF3D9C033F45
:10E5A0001A945BBF9BF5083F534858BFDA390E3FBA
:10E5B00031DB54BF2A68133F3D4D51BFC07F183F28
:10E5C000029F4DBFD17F1D3F12D149BF9967223FA6
:10E5D00003E445BF5636273F70D841BF4AEB2B3F77
:10E5E000F9AE3DBFBB85303F426839BFF304353FCC
:10E5F000F30435BF4268393FBB8530BFF9AE3D3FBC
:10E600004AEB2BBF70D8413F563627BF03E4453F46
:10E61000996722BF12D1493FD17F1DBF029F4D3F55
:10E62000C07F18BF3D4D513F2A6813BF31DB543FB7
:10E63000DA390EBF5348583F9BF508BF1A945B3F29
:10E640003D9C03BF05BE5E3F275DFCBE98C5613F94
:10E65000EA5AF1BE59AA643F7533E6BED86B673FEC
:10E6600080E8DABEA7096A3FCA7BCFBE5E836C3FF3
:10E6700015EFC3BE9ED86E3F2A44B8BE0809713F4D
:10E68000D47CACBE4714733FE59AA0BE0BFA743F2E
:10E6900031A094BE07BA763F938E88BEF853783F78
:10E6A000CCCF78BE9DC7793F135C60BEBE147B3F64
:10E6B000C2C547BE283B7C3FA2102FBEAC3A7D3F6F
:10E6C000834016BE24137E3F73B2FABD6DC47E3FF5
:10E6D00036BDC8BD6D4E7F3F05A996BD0FB17F3FCA
:10E6E0002FFB48BD43EC7F3FB00AC9BC0000803F10
:10E6F000000000005E836C3F15EFC33EF304353F1E
:10E70000F304353F15EFC33E5E836C3F000000000D
:10E710000000803F15EFC3BE5E836C3FF30435BF3E
:10E72000F304353F5E836CBF15EFC33E000080BF2E
:10E73000000000005E836CBF15EFC3BEF30435BF5D
:10E74000F30435BF15EFC3BE5E836CBF00000080CD
:10E75000000080BF15EFC33E5E836CBFF304353FFE
:10E76000F30435BF5E836C3F15EFC3BE0000803FEE
:10E7700000000000BE147B3FC2C5473E5E836C3F75
:10E7800015EFC33E31DB543FDA390E3FF304353F1A
:10E79000F304353FDA390E3F31DB543F15EFC33E0A
:10E7A0005E836C3FC2C5473EBE147B3F0000000045
:10E7B0000000803FC2C547BEBE147B3F15EFC3BEFD
:10E7C0005E836C3FDA390EBF31DB543FF30435BF53
:10E7D000F304353F31DB54BFDA390E3F5E836CBF43
:10E7E00015EFC33EBE147BBFC2C5473E000080BFCD
:10E7F00000000000BE147BBFC2C547BE5E836CBF75
:10E8000015EFC3BE31DB54BFDA390EBFF30435BF99
:10E81000F30435BFDA390EBF31DB54BF15EFC3BE89
:10E820005E836CBFC2C547BEBE147BBF00000080C4
:10E83000000080BFC2C5473EBE147BBF15EFC33E7C
:10E840005E836CBFDA390E3F31DB54BFF304353FD2
:10E85000F30435BF31DB543FDA390EBF5E836C3FC2
:10E8600015EFC3BEBE147B3FC2C547BE08004000C3
:10E870001800480010004000280050002000400010
:10E880003800580030004800580068004800600018
:10E890006800700008004000100080001800C000F0
:10E8A0002000400028004800300088003800C800E0
:10E8B00040008000480050005800D00050009000F8
:10E8C0006000C0006800D000700098007800D80098
:10E8D0008800C0009000A000A800D0009800E000D0
:10E8E000B000D000B800E800D800F000C800E00098
:10E8F000E800F00000000000920E493CB10AC93C5B
:10E900002BC3163D2EFB483D752B7B3D04A9963D40
:10E9100080B6AF3D36BDC83D2FBCE13D73B2FA3D78
:10E9200087CF093E8340163EB5AB223EA2102F3E54
:10E93000CF6E3B3EC2C5473E0115543E135C603E60
:10E940007F9A6C3ECCCF783EC07D823E938E883ECF
:10E95000229A8E3E32A0943E86A09A3EE59AA03E30
:10E96000128FA63ED47CAC3EEF63B23E2A44B83E42
:10E97000491DBE3E15EFC33E53B9C93ECA7BCF3ECB
:10E980004136D53E80E8DA3E4F92E03E7533E63EB2
:10E99000BBCBEB3EEA5AF13ECBE0F63E275DFC3EB8
:10E9A000E4E7003F3D9C033F824B063F9BF5083F59
:10E9B0006B9A0B3FDA390E3FCDD3103F2A68133FD5
:10E9C000D9F6153FC07F183FC6021B3FD17F1D3FC0
:10E9D000CBF61F3F9967223F25D2243F5636273F6B
:10E9E0001594293F4AEB2B3FDE3B2E3FBB85303F42
:10E9F000C9C8323FF304353F233A373F4268393FB5
:10EA00003B8F3B3FF9AE3D3F67C73F3F70D8413F2B
:10EA100001E2433F03E4453F65DE473F12D1493FF2
:10EA2000F8BB4B3F029F4D3F207A4F3F3D4D513F3A
:10EA30004918533F31DB543FE595563F5348583F03
:10EA40006AF2593F1A945B3F532D5D3F05BE5E3F0E
:10EA50002146603F97C5613F5A3C633F59AA643FD6
:10EA6000880F663FD86B673F3CBF683FA7096A3F86
:10EA70000C4B6B3F5E836C3F93B26D3F9ED86E3FF5
:10EA800073F56F3F0809713F5213723F4714733F8C
:10EA9000DD0B743F0BFA743FC6DE753F07BA763F55
:10EAA000C58B773FF853783F9812793F9DC7793FE0
:10EAB00002737A3FBE147B3FCDAC7B3F283B7C3F4B
:10EAC000C9BF7C3FAC3A7D3FCCAB7D3F23137E3F3B
:10EAD000B0707E3F6DC47E3F580E7F3F6D4E7F3FCE
:10EAE000AB847F3F0FB17F3F97D37F3F43EC7F3FA6
:10EAF00011FB7F3F0000803F11FB7F3F43EC7F3FD6
:10EB000097D37F3F0FB17F3FAB847F3F6D4E7F3FF9
:10EB1000580E7F3F6DC47E3FB0707E3F23137E3F13
:10EB2000CCAB7D3FAC3A7D3FC9BF7C3F283B7C3FAF
:10EB3000CDAC7B3FBE147B3F02737A3F9DC7793FCC
:10EB40009812793FF853783FC58B773F07BA763FE5
:10EB5000C6DE753F0BFA743FDD0B743F4714733FFD
:10EB60005213723F0809713F73F56F3F9ED86E3F95
:10EB700093B26D3F5E836C3F0C4B6B3FA7096A3FBE
:10EB80003CBF683FD86B673F880F663F59AA643F18
:10EB90005A3C633F97C5613F2146603F05BE5E3FDB
:10EBA000532D5D3F1A945B3F6AF2593F5348583FDB
:10EBB000E595563F31DB543F4918533F3D4D513F9A
:10EBC000207A4F3F029F4D3FF8BB4B3F12D1493F48
:10EBD00065DE473F03E4453F01E2433F70D8413FD4
:10EBE00067C73F3FF9AE3D3F3B8F3B3F4268393FF0
:10EBF000233A373FF304353FC9C8323FBB85303F26
:10EC0000DE3B2E3F4AEB2B3F1594293F5636273FDC
:10EC100025D2243F9967223FCBF61F3FD17F1D3F6E
:10EC2000C6021B3FC07F183FD9F6153F2A68133F25
:10EC3000CDD3103FDA390E3F6B9A0B3F9BF5083F5F
:10EC4000824B063F3D9C033FE4E7003F275DFC3ECF
:10EC5000CBE0F63EEA5AF13EBBCBEB3E7533E63EE7
:10EC60004F92E03E80E8DA3E4136D53ECA7BCF3E49
:10EC700053B9C93E15EFC33E491DBE3E2A44B83EB6
:10EC8000EF63B23ED47CAC3E128FA63EE59AA03E26
:10EC900086A09A3E32A0943E229A8E3E938E883E63
:10ECA000C07D823ECCCF783E7F9A6C3E135C603E46
:10ECB0000115543EC2C5473ECF6E3B3EA2102F3ECB
:10ECC000B5AB223E8340163E87CF093E73B2FA3D74
:10ECD0002FBCE13D36BDC83D80B6AF3D04A9963D91
:10ECE000752B7B3D2EFB483D2BC3163DB10AC93C1D
:10ECF000920E493C00000000920E49BCB10AC9BC0A
:10ED00002BC316BD2EFB48BD752B7BBD04A996BD3C
:10ED100080B6AFBD36BDC8BD2FBCE1BD73B2FABD74
:10ED200087CF09BE834016BEB5AB22BEA2102FBE50
:10ED3000CF6E3BBEC2C547BE011554BE135C60BE5C
:10ED40007F9A6CBECCCF78BEC07D82BE938E88BECB
:10ED5000229A8EBE32A094BE86A09ABEE59AA0BE2C
:10ED6000128FA6BED47CACBEEF63B2BE2A44B8BE3E
:10ED7000491DBEBE15EFC3BE53B9C9BECA7BCFBEC7
:10ED80004136D5BE80E8DABE4F92E0BE7533E6BEAE
:10ED9000BBCBEBBEEA5AF1BECBE0F6BE275DFCBEB4
:10EDA000E4E700BF3D9C03BF824B06BF9BF508BF55
:10EDB0006B9A0BBFDA390EBFCDD310BF2A6813BFD1
:10EDC000D9F615BFC07F18BFC6021BBFD17F1DBFBC
:10EDD000CBF61FBF996722BF25D224BF563627BF67
:10EDE000159429BF4AEB2BBFDE3B2EBFBB8530BF3E
:10EDF000C9C832BFF30435BF233A37BF426839BFB1
:10EE00003B8F3BBFF9AE3DBF67C73FBF70D841BF27
:10EE100001E243BF03E445BF65DE47BF12D149BFEE
:10EE2000F8BB4BBF029F4DBF207A4FBF3D4D51BF36
:10EE3000491853BF31DB54BFE59556BF534858BFFF
:10EE40006AF259BF1A945BBF532D5DBF05BE5EBF0A
:10EE5000214660BF97C561BF5A3C63BF59AA64BFD2
:10EE6000880F66BFD86B67BF3CBF68BFA7096ABF82
:10EE70000C4B6BBF5E836CBF93B26DBF9ED86EBFF1
:10EE800073F56FBF080971BF521372BF471473BF88
:10EE9000DD0B74BF0BFA74BFC6DE75BF07BA76BF51
:10EEA000C58B77BFF85378BF981279BF9DC779BFDC
:10EEB00002737ABFBE147BBFCDAC7BBF283B7CBF47
:10EEC000C9BF7CBFAC3A7DBFCCAB7DBF23137EBF37
:10EED000B0707EBF6DC47EBF580E7FBF6D4E7FBFCA
:10EEE000AB847FBF0FB17FBF97D37FBF43EC7FBFA2
:10EEF00011FB7FBF000080BF11FB7FBF43EC7FBFD2
:10EF000097D37FBF0FB17FBFAB847FBF6D4E7FBFF5
:10EF1000580E7FBF6DC47EBFB0707EBF23137EBF0F
:10EF2000CCAB7DBFAC3A7DBFC9BF7CBF283B7CBFAB
:10EF3000CDAC7BBFBE147BBF02737ABF9DC779BFC8
:10EF4000981279BFF85378BFC58B77BF07BA76BFE1
:10EF5000C6DE75BF0BFA74BFDD0B74BF471473BFF9
:10EF6000521372BF080971BF73F56FBF9ED86EBF91
:10EF700093B26DBF5E836CBF0C4B6BBFA7096ABFBA
:10EF80003CBF68BFD86B67BF880F66BF59AA64BF14
:10EF90005A3C63BF97C561BF214660BF05BE5EBFD7
:10EFA000532D5DBF1A945BBF6AF259BF534858BFD7
:10EFB000E59556BF31DB54BF491853BF3D4D51BF96
:10EFC000207A4FBF029F4DBFF8BB4BBF12D149BF44
:10EFD00065DE47BF03E445BF01E243BF70D841BFD0
:10EFE00067C73FBFF9AE3DBF3B8F3BBF426839BFEC
:10EFF000233A37BFF30435BFC9C832BFBB8530BF22
:10F00000DE3B2EBF4AEB2BBF159429BF563627BFD8
:10F0100025D224BF996722BFCBF61FBFD17F1DBF6A
:10F02000C6021BBFC07F18BFD9F615BF2A6813BF21
:10F03000CDD310BFDA390EBF6B9A0BBF9BF508BF5B
:10F04000824B06BF3D9C03BFE4E700BF275DFCBECB
:10F05000CBE0F6BEEA5AF1BEBBCBEBBE7533E6BEE3
:10F060004F92E0BE80E8DABE4136D5BECA7BCFBE45
:10F0700053B9C9BE15EFC3BE491DBEBE2A44B8BEB2
:10F08000EF63B2BED47CACBE128FA6BEE59AA0BE22
:10F0900086A09ABE32A094BE229A8EBE938E88BE5F
:10F0A000C07D82BECCCF78BE7F9A6CBE135C60BE42
:10F0B000011554BEC2C547BECF6E3BBEA2102FBEC7
:10F0C000B5AB22BE834016BE87CF09BE73B2FABD70
:10F0D0002FBCE1BD36BDC8BD80B6AFBD04A996BD8D
:10F0E000752B7BBD2EFB48BD2BC316BDB10AC9BC19
:10F0F000920E49BC000000800000803F000000002C
:10F100000FB17F3F2FFB483D6DC47E3F36BDC83DEC
:10F11000AC3A7D3F8340163EBE147B3FC2C5473E9E
:10F12000F853783FCCCF783E0BFA743F31A0943E31
:10F130000809713FD47CAC3E5E836C3F15EFC33E43
:10F14000D86B673F80E8DA3E98C5613FEA5AF13EE6
:10F150001A945B3F3D9C033F31DB543FDA390E3F4D
:10F16000029F4D3FC07F183F03E4453F9967223F10
:10F17000F9AE3D3F4AEB2B3FF304353FF304353FF7
:10F180004AEB2B3FF9AE3D3F9967223F03E4453FF1
:10F19000C07F183F029F4D3FDA390E3F31DB543FAD
:10F1A0003D9C033F1A945B3FEA5AF13E98C5613F8C
:10F1B00080E8DA3ED86B673F15EFC33E5E836C3F55
:10F1C000D47CAC3E0809713F31A0943E0BFA743FE9
:10F1D000CCCF783EF853783FC2C5473EBE147B3F44
:10F1E0008340163EAC3A7D3F36BDC83D6DC47E3F80
:10F1F0002FFB483D0FB17F3F000000000000803F23
:10F200002FFB48BD0FB17F3F36BDC8BD6DC47E3FEB
:10F21000834016BEAC3A7D3FC2C547BEBE147B3F9D
:10F22000CCCF78BEF853783F31A094BE0BFA743F30
:10F23000D47CACBE0809713F15EFC3BE5E836C3F42
:10F2400080E8DABED86B673FEA5AF1BE98C5613FE5
:10F250003D9C03BF1A945B3FDA390EBF31DB543F4C
:10F26000C07F18BF029F4D3F996722BF03E4453F0F
:10F270004AEB2BBFF9AE3D3FF30435BFF304353FF6
:10F28000F9AE3DBF4AEB2B3F03E445BF9967223FF0
:10F29000029F4DBFC07F183F31DB54BFDA390E3FAC
:10F2A0001A945BBF3D9C033F98C561BFEA5AF13E8B
:10F2B000D86B67BF80E8DA3E5E836CBF15EFC33E54
:10F2C000080971BFD47CAC3E0BFA74BF31A0943EE8
:10F2D000F85378BFCCCF783EBE147BBFC2C5473E43
:10F2E000AC3A7DBF8340163E6DC47EBF36BDC83D7F
:10F2F0000FB17FBF2FFB483D000080BF0000000022
:10F300000FB17FBF2FFB48BD6DC47EBF36BDC8BDEA
:10F31000AC3A7DBF834016BEBE147BBFC2C547BE9C
:10F32000F85378BFCCCF78BE0BFA74BF31A094BE2F
:10F33000080971BFD47CACBE5E836CBF15EFC3BE41
:10F34000D86B67BF80E8DABE98C561BFEA5AF1BEE4
:10F350001A945BBF3D9C03BF31DB54BFDA390EBF4B
:10F36000029F4DBFC07F18BF03E445BF996722BF0E
:10F37000F9AE3DBF4AEB2BBFF30435BFF30435BFF5
:10F380004AEB2BBFF9AE3DBF996722BF03E445BFEF
:10F39000C07F18BF029F4DBFDA390EBF31DB54BFAB
:10F3A0003D9C03BF1A945BBFEA5AF1BE98C561BF8A
:10F3B00080E8DABED86B67BF15EFC3BE5E836CBF53
:10F3C000D47CACBE080971BF31A094BE0BFA74BFE7
:10F3D000CCCF78BEF85378BFC2C547BEBE147BBF42
:10F3E000834016BEAC3A7DBF36BDC8BD6DC47EBF7E
:10F3F0002FFB48BD0FB17FBF00000080000080BF21
:10F400002FFB483D0FB17FBF36BDC83D6DC47EBFE9
:10F410008340163EAC3A7DBFC2C5473EBE147BBF9B
:10F42000CCCF783EF85378BF31A0943E0BFA74BF2E
:10F43000D47CAC3E080971BF15EFC33E5E836CBF40
:10F4400080E8DA3ED86B67BFEA5AF13E98C561BFE3
:10F450003D9C033F1A945BBFDA390E3F31DB54BF4A
:10F46000C07F183F029F4DBF9967223F03E445BF0D
:10F470004AEB2B3FF9AE3DBFF304353FF30435BFF4
:10F48000F9AE3D3F4AEB2BBF03E4453F996722BFEE
:10F49000029F4D3FC07F18BF31DB543FDA390EBFAA
:10F4A0001A945B3F3D9C03BF98C5613FEA5AF1BE89
:10F4B000D86B673F80E8DABE5E836C3F15EFC3BE52
:10F4C0000809713FD47CACBE0BFA743F31A094BEE6
:10F4D000F853783FCCCF78BEBE147B3FC2C547BE41
:10F4E000AC3A7D3F834016BE6DC47E3F36BDC8BD7D
:10F4F0000FB17F3F2FFB48BD0000803F00000000A0
:10F500006DC47E3F36BDC83DBE147B3FC2C5473E7D
:10F510000BFA743F31A0943E5E836C3F15EFC33EFF
:10F5200098C5613FEA5AF13E31DB543FDA390E3F6C
:10F5300003E4453F9967223FF304353FF304353F29
:10F540009967223F03E4453FDA390E3F31DB543FF0
:10F55000EA5AF13E98C5613F15EFC33E5E836C3FAA
:10F5600031A0943E0BFA743FC2C5473EBE147B3FA8
:10F5700036BDC83D6DC47E3F000000000000803FE6
:10F5800036BDC8BD6DC47E3FC2C547BEBE147B3FFD
:10F5900031A094BE0BFA743F15EFC3BE5E836C3F7F
:10F5A000EA5AF1BE98C5613FDA390EBF31DB543FEC
:10F5B000996722BF03E4453FF30435BFF304353FA9
:10F5C00003E445BF9967223F31DB54BFDA390E3F70
:10F5D00098C561BFEA5AF13E5E836CBF15EFC33E2A
:10F5E0000BFA74BF31A0943EBE147BBFC2C5473E28
:10F5F0006DC47EBF36BDC83D000080BF0000000066
:10F600006DC47EBF36BDC8BDBE147BBFC2C547BE7C
:10F610000BFA74BF31A094BE5E836CBF15EFC3BEFE
:10F6200098C561BFEA5AF1BE31DB54BFDA390EBF6B
:10F6300003E445BF996722BFF30435BFF30435BF28
:10F64000996722BF03E445BFDA390EBF31DB54BFEF
:10F65000EA5AF1BE98C561BF15EFC3BE5E836CBFA9
:10F6600031A094BE0BFA74BFC2C547BEBE147BBFA7
:10F6700036BDC8BD6DC47EBF00000080000080BFE5
:10F6800036BDC83D6DC47EBFC2C5473EBE147BBFFC
:10F6900031A0943E0BFA74BF15EFC33E5E836CBF7E
:10F6A000EA5AF13E98C561BFDA390E3F31DB54BFEB
:10F6B0009967223F03E445BFF304353FF30435BFA8
:10F6C00003E4453F996722BF31DB543FDA390EBF6F
:10F6D00098C5613FEA5AF1BE5E836C3F15EFC3BE29
:10F6E0000BFA743F31A094BEBE147B3FC2C547BE27
:10F6F0006DC47E3F36BDC8BD080000021000000486
:10F70000180000062000400028004002300040049D
:10F71000380040064000800048008002500080040D
:10F72000580080066000C0006800C0027000C0047D
:10F730007800C006800000018800000390000005EA
:10F7400098000007A0004001A8004003B000400559
:10F75000B8004007C0008001C8008003D0008005C9
:10F76000D8008007E000C001E800C003F000C00539
:10F77000F800C00700010002080108021001080497
:10F7800018010806200180022801480230014804BF
:10F7900038014806400100034801880250018804EE
:10F7A00058018806600180036801C8027001C8041E
:10F7B0007801C80680010802880108039001080545
:10F7C00098010807A0018802A8014803B001480574
:10F7D000B8014807C0010803C8018803D0018805A3
:10F7E000D8018807E0018803E801C803F001C805D3
:10F7F000F801C807080210020002000410021004F9
:10F800001802100620028004280250023002500420
:10F81000380250064002000548029002500290044F
:10F8200058029006600280056802D0027002D0047F
:10F830007802D006800208048802100390021005A6
:10F8400098021007A0028804A8025003B0025005D5
:10F85000B8025007C0020805C8029003D002900504
:10F86000D8029007E0028805E802D003F002D00534
:10F87000F802D0070003000608031006100318045E
:10F880001803180620038006280390063003580446
:10F890003803580640030007480310075003980434
:10F8A0005803980660038007680390077003D80424
:10F8B0007803D80680030806880318069003180505
:10F8C00098031807A0038806A8039806B0035805F4
:10F8D000B8035807C0030807C8031807D0039805E2
:10F8E000D8039807E0038807E8039807F003D805D2
:10F8F000F803D80708048004100420041804200624
:10F9000028048005300460043804600640040006C2
:10F91000480488045004A0045804A006600410069B
:10F92000680488057004E0047804E0068804800612
:10F930009004200598042007A0040806A804800766
:10F94000B0046005B8046007C0042006C804880637
:10F95000D004A005D804A007E0041806E80488072E
:10F96000F004E005F804E00708052005100580050F
:10F97000180528062805900530058805380568060D
:10F980004005000748052007500580075805A806D0
:10F990006005080768059805700588077805E8067A
:10F9A0008805900698052807A0052806A805900751
:10F9B000B0052807B8056807C0051007C8059806F0
:10F9C000D0059007D805A807E0051807E8059807AF
:10F9D000F0059807F805E80718063006380670069F
:10F9E0004006000748068007500608075806B0067C
:10F9F0006006100768069007700618077806F0067C
:10FA00008806A00698063007A806A007B006880753
:10FA1000B8067007C0062007C806A007D00628074A
:10FA2000D806B007E0063007E806A807F0069807F2
:10FA3000F806F0074807500738079807500760078F
:10FA4000580770076007C0076807D0077807F007F6
:10FA50007007E007B807F007A807B007D807F00756
:10FA6000C807E007E807F0070800000210004000A0
:10FA70001800400220008000280080023000C000F2
:10FA80003800C0024000000148000003500040015F
:10FA90005800400360008001680080037000C001CE
:10FAA0007800C00380000002880008029000000374
:10FAB00098004802A0000802A8008802B000C80010
:10FAC000B800C802C0000801C8000803D0004801FF
:10FAD000D8004803E0008801E8008803F000C8016E
:10FAE000F800C8030801100210014001180150027B
:10FAF0002001000328019002300148013801D002A2
:10FB000048011003580150036001900168019003FF
:10FB10007001D0017801D0038001400288011802F1
:10FB20009001400398015802A0014802A8019802E0
:10FB3000B0014803B801D802C0015002C80118033F
:10FB4000D0015003D8015803E0015802E80198039E
:10FB5000F0015803F801D803080220021002400205
:10FB6000180260022802A002300260023802E0029D
:10FB70004002000348022003500240035802600381
:10FB8000600220036802A003700260037802E003B1
:10FB90008802A002900280039802A003B0028803AA
:10FBA000B802E802C0028003C8022803D002900312
:10FBB000D8026803E002A003E802A803F002980359
:10FBC000F802E8030803200310034003180360034E
:10FBD0002803880330036003380398034803600355
:10FBE000580370036803B0037803F0038803A0038D
:10FBF0009003C0039803E003B003C803B803E8030D
:10FC0000C803E003D803F00340000000F8F4020842
:10FC10007CDE02083800000080000000F8F00208D6
:10FC200068FA0208D000000010000000ECE60208AC
:10FC30006CE802081400000000010000ECDE02087D
:10FC4000F8F60208B8010000200000006CE7020886
:10FC500094E80208300000003002010100000100B9
:10FC6000000000000000010002010101004400400A
:10FC700000480040004C0040005000400000008060
:10FC80000000000000000000000000000000000074
:10FC900000000000A8FE02080100000098FE020813
:10FCA00008FE020803000000000000000000000041
:10FCB000000000000000000000000000D0FC02086E
:10FCC00001000100E0FC0208DCFC02080103000066
:10FCD0000C0000000048000004000000000000804C
:10FCE00000042300000000000000000001FF0000ED
:10FCF000D8FD020850FD02080200000030FD020895
:10FD000010FE02080100000080FD02087CFC0208D1
:10FD100002030000F495FE1F000000000000000038
:10FD2000B8FE0208FC95FE1F01000201010100005F
:10FD300003002F000000000000000000010200008E
:10FD4000ACFD020858FD020802060000A3000000F6
:10FD50000000000000000080000000000C00000017
:10FD60000048000004000000F8FD020854FD0208ED
:10FD70000000000084FE02080CFE020803010000DF
:10FD800001002000000000000000000001FF000052
:10FD90000000000000000000000000000000000063
:10FDA000000000005CFD02080100000000002200CD
:10FDB000000000000000000001FF00000000000043
:10FDC0000000000000000000000000000000000033
:10FDD000E8FD02080100000003002100000000000F
:10FDE0000000000001FF00000C00000000480000BF
:10FDF00004000000A100000000042F00000000002B
:10FE0000000000000106000000000000000000806B
:10FE100000000000D095FE1FF895FE1F1580020817
:10FE200080FC0208E095FE1F030E000104010100A2
:10FE3000C895FE1FF095FE1F2580020890FD020860
:10FE4000E895FE1F0300010101010100CC95FE1F92
:10FE5000E495FE1F35800208A8FC0208E995FE1F04
:10FE60000300020101010000C495FE1FEC95FE1F76
:10FE700045800208BCFD0208EA95FE1F030003014D
:10FE8000010100000000240000000000000000004C
:10FE900001FF0000A0000000030029000000000096
:10FEA00000000000010200000C00000000480000FB
:10FEB00004000000A300000000000000000000009B
:10FEC000000000000000000000000000DCFE02084E
:10FED0000100000040000000000000000C000000D5
:10FEE0000040000024000000D000000001000000DD
:10FEF00000000000D0000000010000000000000031
:10FF00002CFF02083992020819920208F99102089E
:10FF100000000000000000000000000000000000E1
:10FF20000000000002020000FFFF0000801A06002F
:10FF3000000000000D0A436F6C6C6567616D656EB3
:10FF4000746F2066616C6C69746F0D0A00000000AC
:10FF500061636F736600000061636F736866000021
:10FF6000636F736866000000706F776600000000C2
:10FF700073717274660000000000003F000000BF53
:10FF8000D1F71737D1F717B78071313F807131BF83
:10FF90000000000000C0153F00000000DCCFD1359C
:10FFA0000000803F0000C03F000000000000304320
:0CFFB00000000000000030C3430000000F
:08FFBC0070D0FF7F010000007E
:10FFC40052424250445633300000000052424250E4
:10FFD4004456313000000000000000000000000022
:10FFE400000000000000000000000000000000000D
:0CFFF40000000000000000000000000001
:020000040C03EB
:1000000000000000000000000000000007000000E9
:10001000000000002C000000C6E902000000484279
:10002000EC51383FCDCC2C41000000000000000016
:10003000000000000000000001000000000020415E
:10004000FFFFFFFF24D60208C800000000410000A7
:1000500034D60208640000000141000050D60208B6
:10006000900100000241000084D60208C800000090
:1000700001000000B490FE1FACD60208AC90FE1F39
:1000800050F96E010100010208D7020814D70208D6
:100090003CD7020850F96E0103000102D8D50208CE
:1000A0004CD702083CD70208D54D0208E14D0208A2
:1000B000ED4D02080000000000000000F94D0208AC
:1000C000514E020800000000694A020800000000CA
:1000D00000000000000000005D4E02081C91FE1FA1
:1000E00000000450000000000000000007000000B5
:1000F0000CB4FE1F640000003435E3580A00000011
:10010000500000004893FE1F00420048010000001C
:1001100034B4FE1F01008F00000100000000000049
:10012000080000000000000006000000640000005D
:100130003435E3580A000000005000004893FE1FC9
:10014000004400480300000044B4FE1F02008F007A
:100150000001000000000000010000006400000039
:100160003435E3580A000000500000003893FE1FA9
:1001700000020140010000003CB4FE1F00008F009F
:100180000000000050C300003435E3580A000000AE
:10019000050000004893FE1F0041004800000000D9
:1001A0009091FE1F00009F8C000100008096980037
:1001B0003435E3580A000000000500004893FE1F94
:1001C00000430048020000005891FE1F0300B9DB05
:1001D0000001000080841E003435E3580A0000004E
:1001E000005000003893FE1F00040140030000008F
:1001F0006091FE1F0100C7AF00010000C8DB0208CC
:100200000000024000010240000000000100000068
:1002100002000000040000000000000000000000D8
:100220001A070000A70A00000000000000000000FC
:10023000DCDA020800000240000202400001000077
:10024000100000002000000040000000000000003E
:10025000000000001A070000A70A00007407000051
:10026000FE0500006CDC02080000024000030240B2
:100270000002000000010000000200000004000075
:1002800000000000000000001A070000A70A00009C
:1002900074070000FE0500003CDA0208000002407E
:1002A00000040240000300000010000000200000D5
:1002B000004000000000000000000000E803000013
:1002C0008813000074070000FE0500000200000013
:1002D000008001500893FE1F006E00000044950846
:1002E00000020000004002400000000000449508A9
:1002F00000010000000002400000000000449508DA
:1003000002000000000001400000000000449508C9
:1003100008000000004000480000000000440040C9
:100320004CDD0208010200005893FE1F8093FE1F5F
:100330009893FE1F8C93FE1F88DD0208004000404A
:10034000020100000048004060DD020801020000D8
:100350000050004074DD020801020000004C004023
:10036000A0DD0208010200001204200000000000CD
:10037000000000000000000000000000000000007D
:10038000000100E000001300000400000000000075
:10039000000000000C93FE1F1094FE1FBD670208B2
:1003A000010000000C93FE1F6894FE1FF567020811
:1003B000000000000C93FE1F3C94FE1F65680208BD
:1003C000030000000C93FE1FA493FE1F2D6802087B
:1003D00002000000130420000000000000000000E4
:1003E000000000000000000000000000000100E02C
:1003F0000000110000040000C59A0208020000007D
:1004000012042000000000000000000000000000B6
:100410000000000000000000000100E000002200D9
:100420000004000000000000000000001204200092
:1004300000000000000000000000000000000000BC
:1004400000000000000100E00000100000040000B7
:100450000000000000000000B094FE1F000000003B
:10046000000000000000000000000000C494FE1F17
:100470000100000008000000D5000000000000009E
:10048000000000000000000000D57FAAFE2B815470
:1004900029FC5683D702A87D52872DF8AC79D30664
:1004A0007BAE04D18550FA2FA471DB0E5A8F25F054
:1004B0008D58F22773A60CD9F623895C08DD77A244
:1004C000DF0AA07521F45E8B9D48E23763B61CC934
:1004D000B461CB1E4A9F35E0CF1AB06531E44E9B24
:1004E000E633994C18CD67B239EC4693C712B86D14
:1004F00010C56FBAEE3B91446BBE14C19540EA3F04
:1005000042973DE8BC69C316EF3A904511C46EBBF3
:10051000C613B96C38ED4792BD68C21743963CE9E3
:100520009441EB3E6ABF15C04B9E34E1B560CA1FD3
:1005300062B71DC89C49E33619CC66B3E732984DC3
:1005400030E54F9ACE1BB16472A70DD88C59F326B3
:100550005B8E24F1A570DA0F20F55F8ADE0BA174A3
:1005600009DC76A3F722885DD603A97C28FD578293
:10057000FF2A805501D47EAB8451FB2E7AAF05D083
:10058000AD78D20753862CF974FD0208C4FC02082A
:1005900008FD020868FD0208FCFC0208F0FC0208E5
:1005A0009CFC0208020000004CFD0208020202004E
:1005B000F4FD0208B4FE020840FD020894FE0208A1
:1005C000020000000002034000FF020854B4FE1FB6
:1005D000204E000001000000140000000100000097
:1005E000E4D5020803000000000000000100000044
:1005F00004000001000000000000704240E8FE1FFF
:1006000000000000010000000000000000000000E9
:1006100000000000000000000000000000000000DA
:100620000000000000000000B8FF02080000000009
:1006300000000000000000000000000000000000BA
:1006400000000000000000000000000000000000AA
:10065000000000000000000000000000000000009A
:0C06600000000000000000004496FE1F97
:0400000508000201EC
:00000001FF
